기본 정보,,,,,,,,,,,,,,,　,　,　,　,　,　,서버,　,　,추가 IP 정보,,,추가 DISK 정보,,,,,,서버 이중화,,SW 정보,,,,보안 설정,,접근 제어,보안 에이전트,,
순번,SYSTEM명,Cloud 구분,환경,현재 상태,센터 ,Zone ,POD,CNODE,CNODE IP,기능 구분 ,기능 설명,이름(HERA or Console),기동 여부,기본 IP,"""NAT"" or ""Floating IP""",접근제어 이름,hostname,OS,CORE(Count),MEM(GB),DB ,WEB ,AP,Storage_IP,Services_IP,Virtual_IP,OS Disk Type ,OS Disk(GB),추가 Disk Type,추가 Disk(GB),외장 Disk Type ,외장 Disk(GB),이중화 구성,이중화 방식 ,OS Kernel,HA S/W,JDK,Python,SELinux 설정 확인,서버 방화벽 사용 여부,OS 접근제어,VITA,서버백신,웹쉘
1,LUPPITER,민간(EPC),테스트,미사용,목동,DX-M1,-,-,-,AP,　,bastion,Stop,172.25.0.98,-,-,-,centos-7.9-64bit,4,4,-,-,-,-,-,-,-,-,-,-,-,-,-,-,-,-,-,-,-,-,X,-,-,-
2,LUPPITER(ZABBIX),민간(EPC),개발(DEV),사용,목동,DX-M1,-,-,-,AP,　,m1-jpt-dev-d1zab-p01,Running,172.25.2.20,10.221.45.68,m1-jpt-dev-d1zab-p01,m1-jpt-dev-d1zab-p01,centos-7.9-64bit,4,4,-,-,zabbix_proxy 5.0.25,-,-,-,HDD,53.7 GB,HDD,53.7 GB,-,-,-,-,3.10.0-1160.71.1.el7.x86_64,-,-,Python 3.6.8,Disabled,사용안함,O,X,X,X
3,LUPPITER(ZABBIX),민간(EPC),개발(DEV),사용,목동,DX-M1,-,-,-,DB,　,m1-jpt-dev-d1zab-pd01,Running,172.25.2.21,10.221.45.69,m1-jpt-dev-d1zab-pd01,m1-jpt-dev-d1zab-pd01,centos-7.9-64bit,4,8,PostgreSQL 13.5,-,-,-,-,-,HDD,53.7 GB,HDD,"21.5 GB
161.1 GB",-,-,-,-,3.10.0-1160.71.1.el7.x86_64,-,-,Python 2.7.5,Disabled,사용안함,O,X,X,X
4,LUPPITER(ZABBIX),민간(EPC),운영(PRD),미사용,목동,DX-M1,-,-,-,AP,　,m1-jpt-prd-d1zab-a01-cent,Stop,172.25.1.34,10.230.9.59,m1-jpt-prd-d1zab-a01,m1-jpt-prd-d1zab-a01,centos-7.9-64bit,8,16,-,-,zabbix_server 5.0.25,-,-,172.25.1.63,HDD,53.7 GB,-,-,-,-,-,-,3.10.0-1160.71.1.el7.x86_64,-,-,Python 3.6.8,Disabled,사용안함,O,O,O,X
5,LUPPITER(ZABBIX),민간(EPC),운영(PRD),미사용,목동,DX-M1,-,-,-,AP,　,m1-jpt-prd-d1zab-a01-rocky,Stop,172.25.1.53,10.230.7.83,m1-jpt-prd-d1zab-a01-rocky,m1-jpt-prd-d1zab-a01,rocky-8.10-64bit,8,16,-,-,zabbix_server 7.0.18,-,-,172.25.1.63,HDD,50 GB,-,-,ISCSI,50 GB,HA,A-S,4.18.0-553.22.1.el8_10.x86_64,pacemaker-2.1.7-5.2,-,Python 3.6.8,Disabled,사용안함,O,X,X,X
6,LUPPITER(ZABBIX),민간(EPC),운영(PRD),미사용,목동,DX-M1,-,-,-,AP,　,m1-jpt-prd-d1zab-a02-cent,Stop,172.25.1.35,10.230.9.60,m1-jpt-prd-d1zab-a02,m1-jpt-prd-d1zab-a02,centos-7.9-64bit,8,16,-,-,zabbix_proxy 5.0.25,-,-,172.25.1.64,HDD,53.7 GB,-,-,-,-,-,-,3.10.0-1160.71.1.el7.x86_64,-,-,Python 3.6.8,Disabled,사용안함,O,O,O,X
7,LUPPITER(ZABBIX),민간(EPC),운영(PRD),미사용,목동,DX-M1,-,-,-,AP,　,m1-jpt-prd-d1zab-a02-rocky,Stop,172.25.1.54,10.230.7.84,m1-jpt-prd-d1zab-a02-rocky,m1-jpt-prd-d1zab-a02,rocky-8.10-64bit,8,16,-,-,-,-,-,-,HDD,50 GB,-,-,ISCSI,50 GB,HA,A-S,4.18.0-553.22.1.el8_10.x86_64,pacemaker-2.1.7-5.2,-,Python 3.6.8,Disabled,사용안함,O,X,X,X
8,LUPPITER(ZABBIX),민간(EPC),운영(PRD),미사용,목동,DX-M1,-,-,-,DB,　,m1-jpt-prd-d1zab-d01-cent,Stop,172.25.1.37,10.230.9.61,m1-jpt-prd-d1zab-d01,m1-jpt-prd-d1zab-d01,centos-7.9-64bit,16,32,PostgreSQL 13.5,-,-,172.25.44.37,-,-,HDD,53.7 GB,HDD,"21.5 GB
322.1 GB",-,-,-,-,3.10.0-1160.71.1.el7.x86_64,-,-,Python 2.7.5,Disabled,사용안함,O,O,O,X
9,LUPPITER(ZABBIX),민간(EPC),운영(PRD),미사용,목동,DX-M1,-,-,-,DB,　,m1-jpt-prd-d1zab-d01-rocky,Stop,172.25.1.55,10.230.7.85,m1-jpt-prd-d1zab-d01-rocky,m1-jpt-prd-d1zab-d01,rocky-8.10-64bit,16,32,PostgreSQL 16.9,-,-,172.25.44.55,-,172.25.1.40,HDD,50 GB,HDD,20 GB,ISCSI,1.1 TB,　,　,4.18.0-553.22.1.el8_10.x86_64,-,-,Python 3.6.8,Disabled,사용안함,O,X,X,X
10,LUPPITER(ZABBIX),민간(EPC),운영(PRD),미사용,목동,DX-M1,-,-,-,DB,　,m1-jpt-prd-d1zab-d02-cent,Stop,172.25.1.38,10.230.9.62,m1-jpt-prd-d1zab-d02,m1-jpt-prd-d1zab-d02,centos-7.9-64bit,16,32,PostgreSQL 13.5,-,-,172.25.44.38,-,-,HDD,53.7 GB,HDD,"21.5 GB
161.1 GB",-,-,-,-,3.10.0-1160.71.1.el7.x86_64,-,-,Python 2.7.5,Disabled,사용안함,O,O,O,X
11,LUPPITER(ZABBIX),민간(EPC),운영(PRD),미사용,목동,DX-M1,-,-,-,DB,　,m1-jpt-prd-d1zab-d02-rocky,Stop,172.25.1.56,10.230.7.86,m1-jpt-prd-d1zab-d02-rocky,m1-jpt-prd-d1zab-d02,rocky-8.10-64bit,16,32,PostgreSQL 16.9,-,-,172.25.44.56,-,-,HDD,50 GB,HDD,20 GB,ISCSI,1.1 TB,　,　,4.18.0-553.22.1.el8_10.x86_64,-,-,Python 3.6.8,Disabled,사용안함,O,X,X,X
12,LUPPITER(ZABBIX),민간(EPC),운영(PRD),사용,목동,DX-M1,-,-,-,AP,　,m1-jpt-prd-d1zab-p01,Running,172.25.1.23,10.221.45.116,m1-jpt-prd-d1zab-p01,m1-jpt-prd-d1zab-p01,centos-7.9-64bit,8,8,-,-,-,-,-,-,HDD,53.7 GB,-,-,ISCSI,53.7 GB,HA,A-S,3.10.0-1160.71.1.el7.x86_64,pacemaker-1.1.23-1,-,Python 3.6.8,Disabled,사용안함,O,O,O,X
13,LUPPITER(ZABBIX),민간(EPC),운영(PRD),미사용,목동,DX-M1,-,-,-,AP,　,m1-jpt-prd-d1zab-p01-rocky,Stop,172.25.1.57,10.230.7.87,m1-jpt-prd-d1zab-p01-rocky,m1-jpt-prd-d1zab-p01,rocky-8.10-64bit,8,8,-,-,-,-,-,-,HDD,50 GB,-,-,ISCSI,50 GB,-,-,4.18.0-553.22.1.el8_10.x86_64,-,-,Python 3.6.8,Disabled,사용안함,O,X,X,X
14,LUPPITER(ZABBIX),민간(EPC),운영(PRD),사용,목동,DX-M1,-,-,-,AP,　,m1-jpt-prd-d1zab-p02,Running,172.25.1.89,10.221.45.117,m1-jpt-prd-d1zab-p02,m1-jpt-prd-d1zab-p02,centos-7.9-64bit,8,8,-,-,zabbix_proxy 5.0.25,-,-,172.25.1.71,HDD,53.7 GB,-,-,ISCSI,53.7 GB,HA,A-S,3.10.0-1160.71.1.el7.x86_64,pacemaker-1.1.23-1,-,Python 3.6.8,Disabled,사용안함,O,O,O,X
15,LUPPITER(ZABBIX),민간(EPC),운영(PRD),미사용,목동,DX-M1,-,-,-,AP,　,m1-jpt-prd-d1zab-p02-rocky,Stop,172.25.1.58,10.230.7.88,m1-jpt-prd-d1zab-p02-rocky,m1-jpt-prd-d1zab-p02,rocky-8.10-64bit,8,8,-,-,-,-,-,-,HDD,50 GB,-,-,ISCSI,50 GB,-,-,4.18.0-553.22.1.el8_10.x86_64,-,-,Python 3.6.8,Disabled,사용안함,O,X,X,X
16,LUPPITER(ZABBIX),민간(EPC),운영(PRD),사용,목동,DX-M1,-,-,-,DB,　,m1-jpt-prd-d1zab-pd01,Running,172.25.1.166,10.221.45.122,m1-jpt-prd-d1zab-pd01,m1-jpt-prd-d1zab-pd01,centos-7.9-64bit,8,16,POstgreSQL 13.5,-,-,-,-,172.25.1.161,HDD,53.7 GB,HDD,21.5 GB,ISCSI,161.1 GB,HA,A-S,3.10.0-1160.71.1.el7.x86_64,pacemaker-1.1.23-1,-,Python 2.7.5,Disabled,사용안함,O,O,O,X
17,LUPPITER(ZABBIX),민간(EPC),운영(PRD),미사용,목동,DX-M1,-,-,-,DB,　,m1-jpt-prd-d1zab-pd01-rocky,Stop,172.25.1.59,10.230.7.89,m1-jpt-prd-d1zab-pd01-rocky,m1-jpt-prd-d1zab-pd01,rocky-8.10-64bit,8,16,PostgreSQL 16.9,-,-,-,-,-,HDD,50 GB,HDD,20 GB,ISCSI,150 GB,HA,A-S,4.18.0-553.22.1.el8_10.x86_64,pacemaker-2.1.7-5.2,-,Python 3.6.8,Disabled,사용안함,O,X,X,X
18,LUPPITER(ZABBIX),민간(EPC),운영(PRD),사용,목동,DX-M1,-,-,-,DB,　,m1-jpt-prd-d1zab-pd02,Running,172.25.1.24,10.221.45.123,m1-jpt-prd-d1zab-pd02,m1-jpt-prd-d1zab-pd02,centos-7.9-64bit,8,16,POstgreSQL 13.5,-,-,-,-,-,HDD,53.7 GB,HDD,21.5 GB,ISCSI,161.1 GB,HA,A-S,3.10.0-1160.71.1.el7.x86_64,pacemaker-1.1.23-1,-,Python 2.7.5,Disabled,사용안함,O,O,O,X
19,LUPPITER(ZABBIX),민간(EPC),운영(PRD),미사용,목동,DX-M1,-,-,-,DB,　,m1-jpt-prd-d1zab-pd02-rocky,Stop,172.25.1.60,10.230.7.90,m1-jpt-prd-d1zab-pd02-rocky,m1-jpt-prd-d1zab-pd02,rocky-8.10-64bit,8,16,PostgreSQL 16.9,-,-,-,-,-,HDD,50 GB,HDD,20 GB,ISCSI,150 GB,HA,A-S,4.18.0-553.22.1.el8_10.x86_64,pacemaker-2.1.7-5.2,-,Python 3.6.8,Disabled,사용안함,O,X,X,X
20,LUPPITER(ZABBIX),민간(EPC),운영(PRD),미사용,목동,DX-M1,-,-,-,WEB,　,m1-jpt-prd-d1zab-w01-cent,Stop,172.25.1.31,10.230.9.57,m1-jpt-prd-d1zab-w01,m1-jpt-prd-d1zab-w01,centos-7.9-64bit,4,8,-,Apache/2.4.34,-,-,-,-,HDD,53.7 GB,HDD,75.2 GB,-,-,　,　,3.10.0-1160.71.1.el7.x86_64,-,-,Python 2.7.5,Disabled,사용안함,O,X,X,X
21,LUPPITER(ZABBIX),민간(EPC),운영(PRD),미사용,목동,DX-M1,-,-,-,WEB,　,m1-jpt-prd-d1zab-w01-rocky,Stop,172.25.1.51,10.230.7.81,m1-jpt-prd-d1zab-w01-rocky,m1-jpt-prd-d1zab-w01,rocky-8.10-64bit,4,8,-,Apache/2.4.63,-,-,-,-,HDD,50 GB,HDD,70 GB,-,-,　,　,4.18.0-553.22.1.el8_10.x86_64,-,-,Python 3.6.8,Disabled,사용안함,O,X,X,X
22,LUPPITER(ZABBIX),민간(EPC),운영(PRD),미사용,목동,DX-M1,-,-,-,WEB,　,m1-jpt-prd-d1zab-w02-cent,Stop,172.25.1.32,10.230.9.58,m1-jpt-prd-d1zab-w02,m1-jpt-prd-d1zab-w02,centos-7.9-64bit,4,8,-,Apache/2.4.34,-,-,-,-,HDD,53.7 GB,HDD,75.2 GB,-,-,　,　,3.10.0-1160.71.1.el7.x86_64,-,-,Python 2.7.5,Disabled,사용안함,O,X,X,X
23,LUPPITER(ZABBIX),민간(EPC),운영(PRD),미사용,목동,DX-M1,-,-,-,WEB,　,m1-jpt-prd-d1zab-w02-rocky,Stop,172.25.1.52,10.230.7.82,m1-jpt-prd-d1zab-w02-rocky,m1-jpt-prd-d1zab-w02,rocky-8.10-64bit,4,8,-,Apache/2.4.63,-,-,-,-,HDD,50 GB,HDD,70 GB,-,-,　,　,4.18.0-553.22.1.el8_10.x86_64,-,-,Python 3.6.8,Disabled,사용안함,O,X,X,X
24,LUPPITER(M-Kate),민간(EPC),운영(PRD),미사용,목동,DX-M1,-,-,-,AP,　,m1-jpt-prd-kmon-a01,Stop,172.25.1.130,10.221.45.114,m1-jpt-prd-kmon-a01,m1-jpt-prd-kmon-a01,centos-7.9-64bit,4,4,-,-,"JAR_FILE: luppiter-web-mkate.war
Spring Boot Version: 2.7.5",-,-,-,HDD,53.7 GB,-,-,-,-,　,　,3.10.0-1160.71.1.el7.x86_64,-,"openjdk version ""17""",Python 2.7.5,Disabled,사용안함,O,X,X,X
25,LUPPITER(M-Kate),민간(EPC),운영(PRD),사용,목동,DX-M1,-,-,-,AP,　,m1-jpt-prd-kmon-a01-rocky,Running,172.25.1.13,10.230.7.115,m1-jpt-prd-kmon-a01-rocky,m1-jpt-prd-kmon-a01,rocky-8.10-64bit,4,4,-,-,"JAR_FILE: luppiter-web-mkate.war
Spring Boot Version: 2.7.5",-,-,-,HDD,50 GB,HDD,70 GB,-,-,HA,A-A,4.18.0-553.22.1.el8_10.x86_64,-,"openjdk version ""17.0.11""",-,Disabled,사용안함,O,O,O,X
26,LUPPITER(M-Kate),민간(EPC),운영(PRD),미사용,목동,DX-M1,-,-,-,AP,　,m1-jpt-prd-kmon-a02,Stop,172.25.1.174,10.221.45.115,m1-jpt-prd-kmon-a02,m1-jpt-prd-kmon-a02,centos-7.9-64bit,4,4,-,-,"JAR_FILE: luppiter-web-mkate.war
Spring Boot Version: 2.7.5",-,-,-,HDD,53.7 GB,-,-,-,-,　,　,3.10.0-1160.71.1.el7.x86_64,-,"openjdk version ""17""",Python 2.7.5,Disabled,사용안함,O,X,X,X
27,LUPPITER(M-Kate),민간(EPC),운영(PRD),사용,목동,DX-M1,-,-,-,AP,　,m1-jpt-prd-kmon-a02-rcoky,Running,172.25.1.14,10.230.7.116,m1-jpt-prd-kmon-a02-rcoky,m1-jpt-prd-kmon-a02,rocky-8.10-64bit,4,4,-,-,"JAR_FILE: luppiter-web-mkate.war
Spring Boot Version: 2.7.5",-,-,-,HDD,50 GB,HDD,70 GB,-,-,HA,A-A,4.18.0-553.22.1.el8_10.x86_64,-,"openjdk version ""17.0.11""",-,Disabled,사용안함,O,O,O,X
28,LUPPITER(M-Kate),민간(EPC),운영(PRD),미사용,목동,DX-M1,-,-,-,WEB,　,m1-jpt-prd-kmon-w01,Stop,172.25.0.103,10.221.45.118,m1-jpt-prd-kmon-w01,m1-jpt-prd-kmon-w01,centos-7.9-64bit,4,4,-,Apache/2.4.34,-,-,-,-,HDD,53.7 GB,HDD,75.2 GB,-,-,　,　,3.10.0-1160.71.1.el7.x86_64,-,-,Python 2.7.5,Disabled,사용안함,O,X,X,X
29,LUPPITER(M-Kate),민간(EPC),운영(PRD),사용,목동,DX-M1,-,-,-,WEB,　,m1-jpt-prd-kmon-w01-rocky,Running,172.25.0.11,10.230.7.113,m1-jpt-prd-kmon-w01-rocky,m1-jpt-prd-kmon-w01,rocky-8.10-64bit,4,4,-,Apache/2.4.63,-,-,-,-,HDD,50 GB,HDD,70 GB,-,-,HA,A-A,4.18.0-553.22.1.el8_10.x86_64,-,-,-,Disabled,사용안함,O,O,O,O
30,LUPPITER(M-Kate),민간(EPC),운영(PRD),미사용,목동,DX-M1,-,-,-,WEB,　,m1-jpt-prd-kmon-w02,Stop,172.25.0.59,10.221.45.119,m1-jpt-prd-kmon-w02,m1-jpt-prd-kmon-w02,centos-7.9-64bit,4,4,-,Apache/2.4.34,-,-,-,-,HDD,53.7 GB,HDD,75.2 GB,-,-,　,　,3.10.0-1160.71.1.el7.x86_64,-,-,Python 2.7.5,Disabled,firewalld,O,X,X,X
31,LUPPITER(M-Kate),민간(EPC),운영(PRD),사용,목동,DX-M1,-,-,-,WEB,　,m1-jpt-prd-kmon-w02-rocky,Running,172.25.0.12,10.230.7.114,m1-jpt-prd-kmon-w02-rocky,m1-jpt-prd-kmon-w02,rocky-8.10-64bit,4,4,-,Apache/2.4.63,-,-,-,-,HDD,50 GB,HDD,70 GB,-,-,HA,A-A,4.18.0-553.22.1.el8_10.x86_64,-,-,-,Disabled,사용안함,O,O,O,O
32,LUPPITER(ZABBIX),민간(EPC),테스트,미사용,목동,DX-M1,-,-,-,AP,　,m1-jpt-stg-d1zab-test,Stop,172.25.2.14,10.230.9.44,-,-,ubuntu-24.04-64bit,2,4,-,-,-,-,-,-,-,-,-,-,-,-,-,-,-,-,-,-,-,-,X,-,-,-
33,LUPPITER(M-Kate),민간(EPC),스테이징(STG),미사용,목동,DX-M1,-,-,-,AP,　,m1-jpt-stg-kmon-a01-new,Stop,172.25.2.13,10.230.9.43,m1-jpt-stg-kmon-a01,m1-jpt-stg-kmon-a01,centos-7.9-64bit,4,4,-,-,"JAR_FILE: luppiter-web-mkate.war
Spring Boot Version: 2.7.5",-,-,-,HDD,53.7 GB,-,-,-,-,　,　,3.10.0-1160.71.1.el7.x86_64,-,"openjdk version ""17""",Python 2.7.5,Disabled,사용안함,O,X,X,X
34,LUPPITER(M-Kate),민간(EPC),스테이징(STG),사용,목동,DX-M1,-,-,-,AP,　,m1-jpt-stg-kmon-a01-rocky,Running,172.25.2.15,10.230.13.27,m1-jpt-stg-kmon-a01-rocky,m1-jpt-stg-kmon-a01,rocky-8.10-64bit,4,4,-,-,"JAR_FILE: luppiter-web-mkate.war
Spring Boot Version: 2.7.5",-,-,-,HDD,50 GB,HDD,70 GB,-,-,　,　,4.18.0-553.22.1.el8_10.x86_64,-,"openjdk version ""17.0.11""",-,Disabled,사용안함,O,O,O,X
35,LUPPITER(M-Kate),민간(EPC),스테이징(STG),사용,목동,DX-M1,-,-,-,AP,　,m1-jpt-stg-kmon-a02-rocky,Running,172.25.2.16,10.230.13.28,m1-jpt-stg-kmon-a02-rocky,m1-jpt-stg-kmon-a02,rocky-8.10-64bit,4,4,-,-,"JAR_FILE: luppiter-web-mkate.war
Spring Boot Version: 2.7.5",-,-,-,HDD,50 GB,HDD,70 GB,-,-,　,　,4.18.0-553.22.1.el8_10.x86_64,-,"openjdk version ""17.0.11""",-,Disabled,사용안함,O,O,O,X
36,LUPPITER(M-Kate),민간(EPC),스테이징(STG),미사용,목동,DX-M1,-,-,-,WEB,　,m1-jpt-stg-kmon-w01-new,Stop,172.25.3.11,10.230.9.41,m1-jpt-stg-kmon-w01,m1-jpt-stg-kmon-w01,centos-7.9-64bit,4,4,-,Apache/2.4.34,-,-,-,-,HDD,53.7 GB,-,-,-,-,　,　,3.10.0-1160.71.1.el7.x86_64,-,-,Python 2.7.5,Disabled,사용안함,O,X,X,X
37,LUPPITER(M-Kate),민간(EPC),스테이징(STG),사용,목동,DX-M1,-,-,-,WEB,　,m1-jpt-stg-kmon-w01-rocky,Running,172.25.3.13,10.230.13.25,m1-jpt-stg-kmon-w01-rocky,m1-jpt-stg-kmon-w01,rocky-8.10-64bit,4,4,-,Apache/2.4.63,-,-,-,-,HDD,50 GB,HDD,70 GB,-,-,　,　,4.18.0-553.22.1.el8_10.x86_64,-,-,-,Disabled,사용안함,O,O,O,O
38,LUPPITER(M-Kate),민간(EPC),스테이징(STG),미사용,목동,DX-M1,-,-,-,WEB,　,m1-jpt-stg-kmon-w02-new,Stop,172.25.3.12,10.230.9.42,m1-jpt-stg-kmon-w02,m1-jpt-stg-kmon-w02,centos-7.9-64bit,4,4,-,Apache/2.4.34,-,-,-,-,HDD,53.7 GB,-,-,-,-,　,　,3.10.0-1160.71.1.el7.x86_64,-,-,Python 2.7.5,Disabled,사용안함,O,X,X,X
39,LUPPITER(M-Kate),민간(EPC),스테이징(STG),사용,목동,DX-M1,-,-,-,WEB,　,m1-jpt-stg-kmon-w02-rocky,Running,172.25.3.14,10.230.13.26,m1-jpt-stg-kmon-w02-rocky,m1-jpt-stg-kmon-w02,rocky-8.10-64bit,4,4,-,Apache/2.4.63,-,-,-,-,HDD,50 GB,HDD,70 GB,-,-,　,　,4.18.0-553.22.1.el8_10.x86_64,-,-,-,Disabled,사용안함,O,O,O,O
40,GAIA,공공(EPC),운영(PRD),사용,천안,ECLS-A-G-MGMT,gcloud mgmt pod,cnode02-m.m-pod1.mgmt-1.gov.ucloud.com,-,AP,　,ca-clb-prd-gant-e01,Running,10.48.0.129,-,ca-clb-prd-gant-e01,ca-gaia-prd-ansible-ep01,rocky-8.10-64bit,8,8,-,-,-,-,-,-,-,-,-,-,-,-,　,　,4.18.0-553.el8_10.x86_64,-,-,Python 3.12.1,-,-,O,　,　,　
41,LUPPITER(ZABBIX),공공(EPC),운영(PRD),사용,천안,ECLS-A-G-MGMT,gcloud mgmt pod,cnode01-m.m-pod1.mgmt-1.gov.ucloud.com,-,AP,　,ca-jpt-prd-gzab-p01-rocky,Running,10.48.0.43,-,ca-jpt-prd-gzab-p01,ca-jpt-prd-gzab-p01,rocky-8.10-64bit,8,8,-,-,zabbix_proxy 5.0.25,-,-,10.48.0.128,SSD,32 GB,SSD,50 GB,-,-,HA,A-S,4.18.0-553.el8_10.x86_64,pacemaker-2.1.7-5.2,-,Python 3.6.8,Disabled,firewalld,O,O,O,X
42,LUPPITER(ZABBIX),공공(EPC),운영(PRD),사용,천안,ECLS-A-G-MGMT,gcloud mgmt pod,cnode04-m.m-pod1.mgmt-1.gov.ucloud.com,-,AP,　,ca-jpt-prd-gzab-p02-rocky,Running,10.48.0.46,-,ca-jpt-prd-gzab-p02,ca-jpt-prd-gzab-p02,rocky-8.10-64bit,8,8,-,-,zabbix_proxy 5.0.25,-,-,-,SSD,32 GB,SSD,50 GB,-,-,HA,A-S,4.18.0-553.el8_10.x86_64,pacemaker-2.1.7-5.2,-,Python 3.6.8,Disabled,firewalld,O,O,O,X
43,LUPPITER(ZABBIX),공공(EPC),운영(PRD),사용,천안,ECLS-A-G-MGMT,gcloud mgmt pod,cnode03-m.m-pod1.mgmt-1.gov.ucloud.com,-,AP,　,ca-jpt-prd-gzab-p03-rocky,Running,10.48.0.47,-,ca-jpt-prd-gzab-p03,ca-jpt-prd-gzab-p03,rocky-8.10-64bit,8,8,-,-,zabbix_proxy 5.0.25,-,-,10.48.0.130,SSD,32 GB,SSD,50 GB,-,-,HA,A-S,4.18.0-553.el8_10.x86_64,pacemaker-2.1.7-5.2,-,Python 3.6.8,Disabled,firewalld,O,O,O,X
44,LUPPITER(ZABBIX),공공(EPC),운영(PRD),사용,천안,ECLS-A-G-MGMT,gcloud mgmt pod,cnode04-m.m-pod1.mgmt-1.gov.ucloud.com,-,AP,　,ca-jpt-prd-gzab-p04-rocky,Running,10.48.0.48,-,ca-jpt-prd-gzab-p04,ca-jpt-prd-gzab-p04,rocky-8.10-64bit,8,8,-,-,zabbix_proxy 5.0.25,-,-,-,SSD,32 GB,SSD,50 GB,-,-,HA,A-S,4.18.0-553.el8_10.x86_64,pacemaker-2.1.7-5.2,-,Python 3.6.8,Disabled,firewalld,O,O,O,X
45,LUPPITER(ZABBIX),공공(EPC),운영(PRD),사용,천안,ECLS-A-G-MGMT,gcloud mgmt pod,cnode02-m.m-pod1.mgmt-1.gov.ucloud.com,-,DB,　,ca-jpt-prd-gzab-pd01-new,Running,10.48.0.60,-,ca-jpt-prd-gzab-pd01,ca-jpt-prd-gzab-pd01,rocky-8.10-64bit,8,16,PostgreSQL 16.9,-,-,-,-,10.48.0.53,SSD,32 GB,SSD,"20 GB
1 GB
150 GB",-,-,HA,A-S,4.18.0-553.el8_10.x86_64,MCCS 4.4.14,-,Python 3.6.8,Disabled,사용안함,O,O,O,X
46,LUPPITER(ZABBIX),공공(EPC),운영(PRD),미사용,천안,ECLS-A-G-MGMT,gcloud mgmt pod,cnode01-m.m-pod1.mgmt-1.gov.ucloud.com,-,DB,　,ca-jpt-prd-gzab-pd01-rocky,Stop,10.48.0.49,-,ca-jpt-prd-gzab-pd01,ca-jpt-prd-gzab-pd01,rocky-8.10-64bit,8,16,PostgreSQL 13.5,-,-,-,-,-,SSD,32 GB,SSD,"20 GB
1 GB
150 GB",-,-,HA,A-S,4.18.0-553.el8_10.x86_64,MCCS 4.4.14,-,Python 3.6.8,Disabled,firewalld,O,O,O,X
47,LUPPITER(ZABBIX),공공(EPC),운영(PRD),사용,천안,ECLS-A-G-MGMT,gcloud mgmt pod,cnode01-m.m-pod1.mgmt-1.gov.ucloud.com,-,DB,　,ca-jpt-prd-gzab-pd02-new,Running,10.48.0.61,-,ca-jpt-prd-gzab-pd02-new,ca-jpt-prd-gzab-pd02,rocky-8.10-64bit,8,16,PostgreSQL 16.9,-,-,-,-,-,SSD,32 GB,SSD,"20 GB
1 GB
150 GB",-,-,HA,A-S,4.18.0-553.el8_10.x86_64,MCCS 4.4.14,-,Python 3.6.8,Disabled,사용안함,O,O,O,X
48,LUPPITER(ZABBIX),공공(EPC),운영(PRD),미사용,천안,ECLS-A-G-MGMT,gcloud mgmt pod,cnode02-m.m-pod1.mgmt-1.gov.ucloud.com,-,DB,　,ca-jpt-prd-gzab-pd02-rocky,Stop,10.48.0.54,-,ca-jpt-prd-gzab-pd02,ca-jpt-prd-gzab-pd02,rocky-8.10-64bit,8,16,PostgreSQL 13.5,-,-,-,-,-,SSD,32 GB,SSD,"20 GB
1 GB
150 GB",-,-,HA,A-S,4.18.0-553.el8_10.x86_64,MCCS 4.4.14,-,Python 3.6.8,Disabled,firewalld,O,O,O,X
49,CMDB,민간(EPC),운영(PRD),미사용,목동,EPC_M1_MGMT,mgmt-1-c-pod2,cnode07,10.2.7.7,DB,　,m1-clb-prd-inv-d01,Running,10.2.14.173,-,m1-clb-prd-inv-d01,m1-clb-prd-inv-d01,centos-7.9-64bit,8,16,PostgreSQL 13.5,-,-,10.2.8.112,-,-,SSD,34.4 GB,SSD,"21.5 GB
21.5 GB
21.5 GB",ISCSI,"161.1 GB
322.2 GB",　,　,3.10.0-1160.45.1.el7.x86_64,-,-,Python 2.7.5,Disabled,사용안함,O,X,X,X
50,LUPPITER(Topology),민간(EPC),운영(PRD),미사용,목동,EPC_M1_MGMT,mgmt-1-c-pod2,cnode06,10.2.7.6,AP,　,m1-clb-prd-topo-a01,Running,10.2.14.172,-,m1-clb-prd-topo-a01,m1-clb-prd-topo-a01,centos-7.9-64bit,4,8,-,-,-,-,-,-,SSD,34.4 GB,SSD,289.9 GB,-,-,　,　,3.10.0-1160.45.1.el7.x86_64,-,-,Python 2.7.5,Disabled,사용안함,O,X,O,X
51,GAIA,민간(EPC),운영(PRD),사용,목동,EPC_M1_MGMT,mgmt-1-c-pod3,cnode14,10.2.16.14,AP,　,m1-gaia-ans-prd-a01,Running,10.2.14.97,-,m1-gaia-ans-prd-a01,m1-gaia-ans-prd-a01,rocky-8.10-64bit,8,16,-,-,-,-,-,-,-,-,-,-,-,-,　,　,4.18.0-553.el8_10.x86_64,-,-,-,-,-,O,　,　,　
52,GAIA,민간(EPC),운영(PRD),사용,목동,EPC_M1_MGMT,mgmt-1-c-pod3,cnode08,10.2.16.8,AP,　,m1-gaia-ans-prd-a02,Running,10.2.14.98,-,m1-gaia-ans-prd-a02,m1-gaia-ans-prd-a02,rocky-8.10-64bit,8,16,-,-,-,-,-,-,-,-,-,-,-,-,　,　,4.18.0-553.el8_10.x86_64,-,-,-,-,-,O,　,　,　
53,GAIA,민간(EPC),운영(PRD),사용,목동,EPC_M1_MGMT,mgmt-1-c-pod3,cnode04,10.2.16.4,AP,　,m1-gaia-ans-prd-a03,Running,10.2.14.99,-,m1-gaia-ans-prd-a03,m1-gaia-ans-prd-a03,rocky-8.10-64bit,8,16,-,-,-,-,-,-,-,-,-,-,-,-,　,　,4.18.0-553.el8_10.x86_64,-,-,-,-,-,O,　,　,　
54,GAIA,민간(EPC),운영(PRD),사용,목동,EPC_M1_MGMT,mgmt-1-c-pod3,cnode06,10.2.16.6,AP,　,m1-gaia-cm-prd-c01,Running,10.2.14.64,-,m1-gaia-cm-prd-c01,m1-gaia-cm-prd-c01,rocky-8.10-64bit,16,32,-,-,"kubernetes-cni-1.2.0-150500.2.1.x86_64
kubectl-1.28.15-150500.1.1.x86_64
kubelet-1.28.15-150500.1.1.x86_64
kubeadm-1.28.15-150500.1.1.x86_64",-,-,-,-,-,-,-,-,-,　,　,4.18.0-553.el8_10.x86_64,-,-,-,-,-,O,　,　,　
55,GAIA,민간(EPC),운영(PRD),사용,목동,EPC_M1_MGMT,mgmt-1-c-pod3,cnode03,10.2.16.3,AP,　,m1-gaia-cm-prd-c02,Running,10.2.14.65,-,m1-gaia-cm-prd-c02,m1-gaia-cm-prd-c02,rocky-8.10-64bit,16,32,-,-,"kubernetes-cni-1.2.0-150500.2.1.x86_64
kubelet-1.28.15-150500.1.1.x86_64
kubectl-1.28.15-150500.1.1.x86_64
kubeadm-1.28.15-150500.1.1.x86_64",-,-,-,-,-,-,-,-,-,　,　,4.18.0-553.el8_10.x86_64,-,-,-,-,-,O,　,　,　
56,GAIA,민간(EPC),운영(PRD),사용,목동,EPC_M1_MGMT,mgmt-1-c-pod3,cnode15,10.2.16.15,AP,　,m1-gaia-cm-prd-c03,Running,10.2.14.66,-,m1-gaia-cm-prd-c03,m1-gaia-cm-prd-c03,rocky-8.10-64bit,16,32,-,-,"kubernetes-cni-1.2.0-150500.2.1.x86_64
kubelet-1.28.15-150500.1.1.x86_64
kubectl-1.28.15-150500.1.1.x86_64
kubeadm-1.28.15-150500.1.1.x86_64",-,-,-,-,-,-,-,-,-,　,　,4.18.0-553.el8_10.x86_64,-,-,-,-,-,O,　,　,　
57,GAIA,민간(EPC),운영(PRD),사용,목동,EPC_M1_MGMT,mgmt-1-c-pod3,cnode12,10.2.16.12,DB,　,m1-gaia-comm-prd-d01,Running,10.2.14.92,-,m1-gaia-comm-prd-d01,m1-gaia-comm-prd-d01,rocky-8.10-64bit,32,64,PostgreSQL 15.14,-,-,-,-,-,-,-,-,-,-,-,　,　,4.18.0-553.el8_10.x86_64,-,-,-,-,-,O,　,　,　
58,GAIA,민간(EPC),운영(PRD),사용,목동,EPC_M1_MGMT,mgmt-1-c-pod3,cnode03,10.2.16.3,DB,　,m1-gaia-comm-prd-d02,Running,10.2.14.93,-,m1-gaia-comm-prd-d02,m1-gaia-comm-prd-d02,rocky-8.10-64bit,32,64,PostgreSQL 15.14,-,-,-,-,-,-,-,-,-,-,-,　,　,4.18.0-553.el8_10.x86_64,-,-,-,-,-,O,　,　,　
59,GAIA,민간(EPC),운영(PRD),사용,목동,EPC_M1_MGMT,mgmt-1-c-pod3,cnode15,10.2.16.15,AP,　,m1-gaia-cw-prd-c01,Running,10.2.14.67,-,m1-gaia-cw-prd-c01,m1-gaia-cw-prd-c01,rocky-8.10-64bit,16,32,-,-,"kubernetes-cni-1.2.0-150500.2.1.x86_64
kubelet-1.28.15-150500.1.1.x86_64
kubectl-1.28.15-150500.1.1.x86_64
kubeadm-1.28.15-150500.1.1.x86_64",-,-,-,-,-,-,-,-,-,LB,A-A,4.18.0-553.el8_10.x86_64,-,-,-,-,-,O,　,　,　
60,GAIA,민간(EPC),운영(PRD),사용,목동,EPC_M1_MGMT,mgmt-1-c-pod3,cnode16,10.2.16.16,AP,　,m1-gaia-cw-prd-c02,Running,10.2.14.217,-,m1-gaia-cw-prd-c02,m1-gaia-cw-prd-c02,rocky-8.10-64bit,16,32,-,-,"kubernetes-cni-1.2.0-150500.2.1.x86_64
kubelet-1.28.15-150500.1.1.x86_64
kubectl-1.28.15-150500.1.1.x86_64
kubeadm-1.28.15-150500.1.1.x86_64",-,-,-,-,-,-,-,-,-,LB,A-A, 4.18.0-553.el8_10.x86_64,-,-,-,-,-,O,　,　,　
61,GAIA,민간(EPC),운영(PRD),사용,목동,EPC_M1_MGMT,mgmt-1-c-pod3,cnode12,10.2.16.12,AP,　,m1-gaia-cw-prd-c03,Running,10.2.14.218,-,m1-gaia-cw-prd-c03,m1-gaia-cw-prd-c03,rocky-8.10-64bit,16,32,-,-,"kubernetes-cni-1.2.0-150500.2.1.x86_64
kubelet-1.28.15-150500.1.1.x86_64
kubectl-1.28.15-150500.1.1.x86_64
kubeadm-1.28.15-150500.1.1.x86_64",-,-,-,-,-,-,-,-,-,LB,A-A,4.18.0-553.el8_10.x86_64,-,-,-,-,-,O,　,　,　
62,GAIA,민간(EPC),개발(DEV),사용,목동,EPC_M1_MGMT,mgmt-1-c-pod3,cnode02,10.2.16.2,AP,　,m1-gaia-dev-ansible-a01(m1-jpt-dev-ansible-d01),Running,10.2.14.160,-,m1-jpt-dev-ansible-d01,m1-gaia-dev-ansible-a01,rocky-8.10-64bit,32,96,-,-,"kubernetes-cni-1.5.1-150500.1.1.x86_64
kubeadm-1.31.0-150500.1.1.x86_64
kubectl-1.31.0-150500.1.1.x86_64
kubelet-1.31.0-150500.1.1.x86_64",-,-,-,-,-,-,-,-,-,　,　,4.18.0-553.el8_10.x86_64,-,-,Python 3.12.1,-,-,O,　,　,　
63,GAIA,민간(EPC),개발(DEV),사용,목동,EPC_M1_MGMT,mgmt-1-c-pod1,cnode24,10.2.13.24,AP,　,m1-gaia-dev-ansible-p01(m1-jpt-dev-ansible-q01),Running,10.2.14.158,-,m1-jpt-dev-ansible-q01,m1-gaia-dev-ansible-p01,rocky-8.10-64bit,2,8,-,-,-,-,-,-,-,-,-,-,-,-,　,　,4.18.0-553.el8_10.x86_64,-,-,Python 3.6.8,-,-,O,　,　,　
64,GAIA,민간(EPC),개발(DEV),미사용,목동,EPC_M1_MGMT,mgmt-1-c-pod2,cnode03,10.2.7.3,AP,　,m1-gaia-dev-ansible-p02,Running,10.2.14.159,-,-,-,rocky-8.10-64bit,2,8,-,-,-,-,-,-,-,-,-,-,-,-,-,-,-,-,-,-,-,-,O,-,-,-
65,GAIA,민간(EPC),개발(DEV),사용,목동,EPC_M1_MGMT,mgmt-1-c-pod2,cnode03,10.2.7.3,WEB,　,m1-gaia-dev-ansible-w01(m1-jpt-dev-ansible-a01),Running,10.2.14.157,-,m1-jpt-dev-ansible-a01,m1-gaia-dev-ansible-w01,rocky-8.10-64bit,4,8,-,-,-,-,-,-,-,-,-,-,-,-,　,　,4.18.0-553.el8_10.x86_64,-,-,Python 3.12.1,Disabled,-,O,　,O,　
66,GAIA,민간(EPC),운영(PRD),사용,목동,EPC_M1_MGMT,mgmt-1-c-pod3,cnode06,10.2.16.6,LB,　,m1-gaia-hap-prd-a01,Running,10.2.14.62,-,m1-gaia-hap-prd-a01,m1-gaia-hap-prd-a01,rocky-8.10-64bit,4,4,-,-,HAProxy version 1.8.27,-,-,10.2.14.61,-,-,-,-,-,-,　,　,4.18.0-553.el8_10.x86_64,-,-,-,-,-,O,　,　,　
67,GAIA,민간(EPC),운영(PRD),사용,목동,EPC_M1_MGMT,mgmt-1-c-pod3,cnode15,10.2.16.15,LB,　,m1-gaia-hap-prd-a02,Running,10.2.14.63,-,m1-gaia-hap-prd-a02,m1-gaia-hap-prd-a02,rocky-8.10-64bit,4,4,-,-,HA-Proxy version 1.8.27,-,-,-,-,-,-,-,-,-,　,　,4.18.0-553.el8_10.x86_64,-,-,-,-,-,O,　,　,　
68,GAIA,민간(EPC),운영(PRD),사용,목동,EPC_M1_MGMT,mgmt-1-c-pod3,cnode04,10.2.16.4,AP,　,m1-gaia-mq-prd-a01,Running,10.2.14.94,-,m1-gaia-mq-prd-a01,m1-gaia-mq-prd-a01,rocky-8.10-64bit,4,8,-,-,"kubeadm-1.28.15-150500.1.1.x86_64
kubectl-1.28.15-150500.1.1.x86_64
kubelet-1.28.15-150500.1.1.x86_64
kubernetes-cni-1.2.0-150500.2.1.x86_64",-,-,-,-,-,-,-,-,-,　,　,4.18.0-553.el8_10.x86_64,-,-,-,-,-,O,　,　,　
69,GAIA,민간(EPC),운영(PRD),사용,목동,EPC_M1_MGMT,mgmt-1-c-pod3,cnode08,10.2.16.8,AP,　,m1-gaia-mq-prd-a02,Running,10.2.14.95,-,m1-gaia-mq-prd-a02,m1-gaia-mq-prd-a02,rocky-8.10-64bit,4,8,-,-,"kubelet-1.28.15-150500.1.1.x86_64
kubectl-1.28.15-150500.1.1.x86_64
kubernetes-cni-1.2.0-150500.2.1.x86_64
kubeadm-1.28.15-150500.1.1.x86_64",-,-,-,-,-,-,-,-,-,　,　,4.18.0-553.el8_10.x86_64,-,-,-,-,-,O,　,　,　
70,GAIA,민간(EPC),운영(PRD),사용,목동,EPC_M1_MGMT,mgmt-1-c-pod3,cnode14,10.2.16.14,AP,　,m1-gaia-mq-prd-a03,Running,10.2.14.96,-,m1-gaia-mq-prd-a03,m1-gaia-mq-prd-a03,rocky-8.10-64bit,4,8,-,-,"kubelet-1.28.15-150500.1.1.x86_64
kubectl-1.28.15-150500.1.1.x86_64
kubernetes-cni-1.2.0-150500.2.1.x86_64
kubeadm-1.28.15-150500.1.1.x86_64",-,-,-,-,-,-,-,-,-,　,　,4.18.0-553.el8_10.x86_64,-,-,-,-,-,O,　,　,　
71,GAIA,민간(EPC),운영(PRD),사용,목동,EPC_M1_MGMT,mgmt-1-c-pod3,cnode15,10.2.16.15,AP,　,m1-gaia-prd-ansible-a02(m1-jpt-prd-aut-e03),Running,10.2.14.58,-,m1-jpt-prd-aut-e03,m1-gaia-prd-ansible-a02,rocky-8.10-64bit,12,16,-,-,-,-,-,-,-,-,-,-,-,-,　,　,4.18.0-553.el8_10.x86_64,-,-,-,-,-,O,　,　,　
72,GAIA,민간(EPC),운영(PRD),사용,목동,EPC_M1_MGMT,mgmt-1-c-pod3,cnode03,10.2.16.3,AP,　,m1-gaia-prd-ansible-p01(m1-jpt-prd-pro-a02),Running,10.2.14.132,-,m1-jpt-prd-pro-a02,m1-gaia-prd-ansible-p01-new,rocky-8.10-64bit,24,16,-,-,-,-,-,-,-,-,-,-,-,-,　,　,4.18.0-553.el8_10.x86_64,-,-,Python 3.12.1,-,-,O,　,　,　
73,GAIA,민간(EPC),운영(PRD),사용,목동,EPC_M1_MGMT,mgmt-1-c-pod1,cnode23,10.2.13.23,AP,　,m1-gaia-prd-ansible-p02(m1-jpt-prd-pro-a04),Running,10.2.14.134,-,m1-jpt-prd-pro-a04,m1-gaia-prd-ansible-p02,rocky-8.10-64bit,8,8,-,-,-,-,-,-,-,-,-,-,-,-,　,　,4.18.0-553.el8_10.x86_64,-,-,Python 3.12.1,-,-,O,　,　,　
74,HERA,민간(EPC),개발(DEV),사용,목동,EPC_M1_MGMT,mgmt-1-c-pod2,cnode07,10.2.7.7,AP,　,m1-hera-apigw-a01,Running,10.2.14.166,-,m1-hera-apigw-a01,m1-hera-apigw-a01,rocky-8.10-64bit,4,8,-,-,"JAR_FILE: apigw-0.0.1-SNAPSHOT.war
Spring Boot Version: 3.3.5
JAR_FILE: hera_dbgw-0.0.1-SNAPSHOT.war
Spring Boot Version: 3.3.5",-,-,-,SSD,32 GB,SSD,70 GB,-,-,　,　,4.18.0-553.el8_10.x86_64,-,"openjdk version ""17.0.11""",Python 3.11.7,Disabled,firewalld,O,O,O,X
75,HERA,민간(EPC),개발(DEV),사용,목동,EPC_M1_MGMT,mgmt-1-c-pod2,cnode08,10.2.7.8,AP,　,m1-hera-apigw-b01,Running,10.2.14.167,-,m1-hera-apigw-b01,m1-hera-apigw-b01,rocky-8.10-64bit,16,32,-,-,"JAR_FILE: batch_runner-0.0.1-SNAPSHOT.jar
Spring Boot Version: 3.3.5",-,-,-,SSD,32 GB,SSD,"70 GB
20 GB",-,-,　,　,4.18.0-553.el8_10.x86_64,-,"openjdk version ""17.0.11""",Python 3.11.7,Disabled,firewalld,O,O,O,X
76,HERA,민간(EPC),개발(DEV),사용,목동,EPC_M1_MGMT,mgmt-1-c-pod2,cnode04,10.2.7.4,DB,　,m1-hera-apigw-d01,Running,10.2.14.170,-,m1-hera-apigw-d01,m1-hera-apigw-d01,rocky-8.10-64bit,8,16,Mariadb 11.4.4,-,-,-,-,-,SSD,32 GB,SSD,"20 GB
200 GB",-,-,　,　,4.18.0-553.el8_10.x86_64,-,-,-,Disabled,firewalld,O,O,O,X
77,HERA,민간(EPC),운영(PRD),사용,목동,EPC_M1_MGMT,mgmt-1-c-pod1,cnode24,10.2.13.24,AP,　,m1-hera-apigw-prd-a01,Running,10.2.14.194,-,m1-hera-apigw-prd-a01,m1-hera-apigw-prd-a01,rocky-8.10-64bit,16,16,-,-,-,10.2.8.217,-,-,SSD,32 GB,SSD,400 GB,ISCSI,400 GB,HA,A-S,4.18.0-553.el8_10.x86_64,pacemaker-2.1.7-5.2,"openjdk version ""17.0.11""",Python 3.6.8,Disabled,firewalld,O,O,O,X
78,HERA,민간(EPC),운영(PRD),사용,목동,EPC_M1_MGMT,mgmt-1-c-pod1,cnode25,10.2.13.25,AP,　,m1-hera-apigw-prd-a02,Running,10.2.14.195,-,m1-hera-apigw-prd-a02,m1-hera-apigw-prd-a02,rocky-8.10-64bit,16,16,-,-,"JAR_FILE: apigw-0.0.1-SNAPSHOT.war
Spring Boot Version: 3.3.5
JAR_FILE: hera_dbgw-0.0.1-SNAPSHOT.war
Spring Boot Version: 3.3.5",10.2.8.218,-,10.2.14.196,SSD,32 GB,SSD,400 GB,ISCSI,400 GB,HA,A-S,4.18.0-553.el8_10.x86_64,pacemaker-2.1.7-5.2,"openjdk version ""17.0.11""",Python 3.6.8,Disabled,firewalld,O,O,O,X
79,HERA,민간(EPC),운영(PRD),사용,목동,EPC_M1_MGMT,mgmt-1-c-pod1,cnode22,10.2.13.22,AP,　,m1-hera-apigw-prd-b01,Running,10.2.14.198,-,m1-hera-apigw-prd-b01,m1-hera-apigw-prd-b01,rocky-8.10-64bit,32,32,-,-,-,10.2.8.219,-,-,SSD,32 GB,SSD,"20 GB
400 GB",ISCSI,400 GB,HA,A-S,4.18.0-553.el8_10.x86_64,pacemaker-2.1.7-5.2,"openjdk version ""17.0.11""",Python 3.6.8,Disabled,firewalld,O,O,O,X
80,HERA,민간(EPC),운영(PRD),사용,목동,EPC_M1_MGMT,mgmt-1-c-pod1,cnode24,10.2.13.24,AP,　,m1-hera-apigw-prd-b02,Running,10.2.14.200,-,m1-hera-apigw-prd-b02,m1-hera-apigw-prd-b02,rocky-8.10-64bit,32,32,-,-,-,10.2.8.220,-,10.2.14.201,SSD,32 GB,SSD,"20 GB
400 GB",ISCSI,400 GB,HA,A-S,4.18.0-553.el8_10.x86_64,pacemaker-2.1.7-5.2,"openjdk version ""17.0.11""",Python 3.6.8,Disabled,firewalld,O,O,O,X
81,HERA,민간(EPC),운영(PRD),사용,목동,EPC_M1_MGMT,mgmt-1-c-pod1,cnode25,10.2.13.25,DB,　,m1-hera-apigw-prd-d01,Running,10.2.14.202,-,m1-hera-apigw-prd-d01,m1-hera-apigw-prd-d01,rocky-8.10-64bit,16,32,Mariadb 11.4.4,-,-,10.2.8.180,-,10.2.14.204,SSD,32 GB,SSD,20 GB,ISCSI,"860.1 GB
600.1 GB",HA,A-S,4.18.0-553.el8_10.x86_64,pacemaker-2.1.7-5.2,-,Python 3.6.8,Disabled,firewalld,O,O,O,X
82,HERA,민간(EPC),운영(PRD),사용,목동,EPC_M1_MGMT,mgmt-1-c-pod1,cnode25,10.2.13.25,DB,　,m1-hera-apigw-prd-d02,Running,10.2.14.203,-,m1-hera-apigw-prd-d02,m1-hera-apigw-prd-d02,rocky-8.10-64bit,16,32,Mariadb 11.4.4,-,-,10.2.8.182,-,-,SSD,32 GB,SSD,20 GB,ISCSI,"860.1 GB
600.1 GB",HA,A-S,4.18.0-553.el8_10.x86_64,pacemaker-2.1.7-5.2,-,Python 3.6.8,Disabled,firewalld,O,O,O,X
83,HERA,민간(EPC),개발(DEV),사용,목동,EPC_M1_MGMT,mgmt-1-c-pod2,cnode06,10.2.7.6,AP,　,m1-hera-comm-a01,Running,10.2.14.165,-,m1-hera-comm-a01,m1-hera-comm-a01,rocky-8.10-64bit,4,8,-,-,"JAR_FILE: hera-0.0.1-SNAPSHOT.war
Spring Boot Version: 3.3.5",-,-,-,SSD,32 GB,SSD,70 GB,-,-,　,　,4.18.0-553.el8_10.x86_64,-,"openjdk version ""17.0.11""",Python 3.11.7,Disabled,사용안함,O,O,O,X
84,HERA,민간(EPC),개발(DEV),사용,목동,EPC_M1_MGMT,mgmt-1-c-pod2,cnode03,10.2.7.3,DB,　,m1-hera-comm-d01,Running,10.2.14.169,-,m1-hera-comm-d01,m1-hera-comm-d01,rocky-8.10-64bit,8,16,Mariadb 11.4.4,-,-,-,-,-,SSD,32 GB,SSD,"20 GB
200 GB",-,-,　,　,4.18.0-553.el8_10.x86_64,-,-,-,Disabled,firewalld,O,O,O,X
85,HERA,민간(EPC),운영(PRD),사용,목동,EPC_M1_MGMT,mgmt-1-c-pod1,cnode13,10.2.13.13,AP,　,m1-hera-comm-prd-a01,Running,10.2.14.183,-,m1-hera-comm-prd-a01,m1-hera-comm-prd-a01,rocky-8.10-64bit,8,16,-,-,"JAR_FILE: hera-0.0.1-SNAPSHOT.war
Spring Boot Version: 3.3.5",-,-,-,SSD,32 GB,SSD,400 GB,-,-,　,　,4.18.0-553.el8_10.x86_64,-,"openjdk version ""17.0.11""",Python 3.11.7,Disabled,사용안함,O,O,O,X
86,HERA,민간(EPC),운영(PRD),사용,목동,EPC_M1_MGMT,mgmt-1-c-pod2,cnode01,10.2.7.1,AP,　,m1-hera-comm-prd-a02,Running,10.2.14.184,-,m1-hera-comm-prd-a02,m1-hera-comm-prd-a02,rocky-8.10-64bit,8,16,-,-,"JAR_FILE: hera-0.0.1-SNAPSHOT.war
Spring Boot Version: 3.3.5",-,-,-,SSD,32 GB,SSD,400 GB,-,-,　,　,4.18.0-553.el8_10.x86_64,-,"openjdk version ""17.0.11""",Python 3.11.7,Disabled,사용안함,O,O,O,X
87,HERA,민간(EPC),운영(PRD),사용,목동,EPC_M1_MGMT,mgmt-1-c-pod1,cnode26,10.2.13.26,DB,　,m1-hera-comm-prd-d01,Running,10.2.14.191,-,m1-hera-comm-prd-d01,m1-hera-comm-prd-d01,rocky-8.10-64bit,16,16,Mariadb 11.4.4,-,-,10.2.8.176,-,-,SSD,32 GB,SSD,20 GB,ISCSI,"440 GB
300 GB",HA,A-S,4.18.0-553.el8_10.x86_64,MCCS 4.4.14,-,Python 3.6.8,Disabled,firewalld,O,O,O,X
88,HERA,민간(EPC),운영(PRD),사용,목동,EPC_M1_MGMT,mgmt-1-c-pod1,cnode26,10.2.13.26,DB,　,m1-hera-comm-prd-d02,Running,10.2.14.192,-,m1-hera-comm-prd-d02,m1-hera-comm-prd-d02,rocky-8.10-64bit,16,16,Mariadb 11.4.4,-,-,10.2.8.178,-,10.2.14.193,SSD,32 GB,SSD,20 GB,ISCSI,"440 GB
300 GB",HA,A-S,4.18.0-553.el8_10.x86_64,MCCS 4.4.14,-,Python 3.6.8,Disabled,firewalld,O,O,O,X
89,HERA,민간(EPC),운영(PRD),사용,목동,EPC_M1_MGMT,mgmt-1-c-pod2,cnode07,10.2.7.7,WEB,　,m1-hera-comm-prd-w01,Running,10.2.14.178,-,m1-hera-comm-prd-w01,m1-hera-comm-prd-w01,rocky-8.10-64bit,4,16,-,Apache/2.4.63,-,-,-,-,SSD,32 GB,SSD,100 GB,-,-,LB,A-A,4.18.0-553.el8_10.x86_64,-,-,-,Disabled,사용안함,O,O,O,O
90,HERA,민간(EPC),운영(PRD),사용,목동,EPC_M1_MGMT,mgmt-1-c-pod2,cnode06,10.2.7.6,WEB,　,m1-hera-comm-prd-w02,Running,10.2.14.180,-,m1-hera-comm-prd-w02,m1-hera-comm-prd-w02,rocky-8.10-64bit,4,16,-,Apache/2.4.63,-,-,-,-,SSD,32 GB,SSD,100 GB,-,-,LB,A-A,4.18.0-553.el8_10.x86_64,-,-,-,Disabled,사용안함,O,O,O,O
91,HERA,민간(EPC),개발(DEV),사용,목동,EPC_M1_MGMT,mgmt-1-c-pod2,cnode04,10.2.7.4,WEB,　,m1-hera-comm-w01,Running,10.2.14.163,-,m1-hera-comm-w01,m1-hera-comm-w01,rocky-8.10-64bit,2,4,-,Apache/2.4.63,-,-,-,-,SSD,32 GB,SSD,70 GB,-,-,　,　,4.18.0-553.el8_10.x86_64,-,-,-,Disabled,사용안함,O,O,O,O
92,HERA,민간(EPC),운영(PRD),사용,목동,EPC_M1_MGMT,mgmt-1-c-pod2,cnode02,10.2.7.2,LB,　,m1-hera-hap-prd-a01,Running,10.2.14.59,-,m1-hera-hap-prd-a01,m1-hera-hap-prd-a01,rocky-8.10-64bit,4,4,-,-,HAProxy version 3.0.5,-,-,"10.2.14.176
10.2.14.182",SSD,32 GB,-,-,-,-,HA,A-S,4.18.0-553.el8_10.x86_64,pacemaker-2.1.7-5.2,-,Python 3.6.8,Disabled,사용안함,O,O,O,X
93,HERA,민간(EPC),운영(PRD),사용,목동,EPC_M1_MGMT,mgmt-1-c-pod2,cnode03,10.2.7.3,LB,　,m1-hera-hap-prd-a02,Running,10.2.14.174,-,m1-hera-hap-prd-a02,m1-hera-hap-prd-a02,rocky-8.10-64bit,4,4,-,-,HAProxy version 3.0.5,-,-,-,SSD,32 GB,-,-,-,-,HA,A-S,4.18.0-553.el8_10.x86_64,pacemaker-2.1.7-5.2,-,Python 3.6.8,Disabled,사용안함,O,O,O,X
94,GIT,민간(EPC),개발(DEV),미사용,목동,EPC_M1_MGMT,mgmt-1-c-pod2,cnode06,10.2.7.6,AP,　,m1-jpt-com-git-01,Running,10.2.14.228,-,m1-jpt-com-git-01,m1-jpt-com-git-01,centos-7.9-64bit,4,8,-,-,-,-,-,-,SSD,34.4 GB,SSD,107.4 GB,-,-,　,　,3.10.0-1160.45.1.el7.x86_64,-,-,Python 2.7.5,Disabled,사용안함,O,X,X,X
95,LUPPITER(ZABBIX),민간(EPC),운영(PRD),사용,목동,EPC_M1_MGMT,mgmt-1-c-pod1,cnode23,10.2.13.23,DB,　,m1-jpt-prd-zab-pd09(m1-jpt-prd-gzab-d01),Running,10.2.14.187,-,m1-jpt-prd-zab-pd09,m1-jpt-prd-zab-pd09,centos-7.9-64bit,8,16,PostgreSQL 13.5,-,-,10.2.8.114,-,10.2.14.235,SSD,21.5 GB,SSD,34.4 GB,ISCSI,161.1 GB,HA,A-S,3.10.0-1160.45.1.el7.x86_64,pacemaker-1.1.23-1,-,Python 2.7.5,Disabled,사용안함,O,O,O,X
96,LUPPITER(ZABBIX),민간(EPC),운영(PRD),사용,목동,EPC_M1_MGMT,mgmt-1-c-pod1,cnode26,10.2.13.26,DB,　,m1-jpt-prd-zab-pd10(m1-jpt-prd-gzab-d02),Running,10.2.14.188,-,m1-jpt-prd-zab-pd10,m1-jpt-prd-zab-pd10,centos-7.9-64bit,8,16,PostgreSQL 13.5,-,-,10.2.8.113,-,-,SSD,21.5 GB,SSD,34.4 GB,ISCSI,161.1 GB,HA,A-S,3.10.0-1160.45.1.el7.x86_64,pacemaker-1.1.23-1,-,Python 2.7.5,Disabled,사용안함,O,O,O,X
97,LUPPITER,민간(EPC),운영(PRD),사용,목동,EPC_M1_MGMT,mgmt-1-c-pod1,cnode25,10.2.13.25,LB,　,m1-jpt-prd-hap-a01,Running,10.2.14.144,-,m1-jpt-prd-hap-a01,m1-jpt-prd-hap-a01,centos-7.9-64bit,4,4,-,-,HAProxy version 2.6.1,-,-,"10.2.14.146
10.2.14.137
10.2.14.140
10.2.14.142
10.2.14.210",SSD,21.5 GB,-,-,-,-,HA,A-S,3.10.0-1160.45.1.el7.x86_64,pacemaker-1.1.23-1,-,Python 2.7.5,Disabled,사용안함,O,O,O,X
98,LUPPITER,민간(EPC),운영(PRD),사용,목동,EPC_M1_MGMT,mgmt-1-c-pod1,cnode24,10.2.13.24,LB,　,m1-jpt-prd-hap-a02,Running,10.2.14.145,-,m1-jpt-prd-hap-a02,m1-jpt-prd-hap-a02,centos-7.9-64bit,4,4,-,-,HAProxy version 2.6.1,-,-,-,SSD,21.5 GB,-,-,-,-,HA,A-S,3.10.0-1160.45.1.el7.x86_64,pacemaker-1.1.23-1,-,Python 2.7.5,Disabled,사용안함,O,O,O,X
99,LUPPITER,민간(EPC),운영(PRD),미사용,목동,EPC_M1_MGMT,mgmt-1-c-pod2,cnode02,10.2.7.2,LB,　,m1-jpt-prd-hap-a03,Running,10.2.14.161,-,m1-jpt-prd-hap-a03,m1-jpt-prd-hap-a03,centos-7.9-64bit,4,8,-,-,-,-,-,-,SSD,34.4 GB,SSD,75.2 GB,-,-,　,　,3.10.0-1160.45.1.el7.x86_64,-,-,Python 2.7.5,Disabled,사용안함,O,X,X,X
100,LUPPITER,민간(EPC),운영(PRD),미사용,목동,EPC_M1_MGMT,mgmt-1-c-pod2,cnode03,10.2.7.3,LB,　,m1-jpt-prd-hap-a04,Running,10.2.14.162,-,m1-jpt-prd-hap-a04,m1-jpt-prd-hap-a04,centos-7.9-64bit,4,8,-,-,-,-,-,-,SSD,34.4 GB,SSD,75.2 GB,-,-,　,　,3.10.0-1160.45.1.el7.x86_64,-,-,Python 2.7.5,Disabled,사용안함,O,X,X,X
101,LUPPITER,민간(EPC),운영(PRD),사용,목동,EPC_M1_MGMT,mgmt-1-c-pod1,cnode23,10.2.13.23,AP,　,m1-jpt-prd-mon-a01,Running,10.2.14.103,-,m1-jpt-prd-mon-a01,m1-jpt-prd-mon-a01,centos-7.9-64bit,8,16,-,-,"JAR_FILE: message_bridge.war
Spring Boot Version: 2.7.5
JAR_FILE: luppiter_scheduler-1.0.0.jar
Spring Boot Version: 3.3.5
JAR_FILE: luppiter-web.war
Spring Boot Version: 2.7.5",-,-,-,SSD,21.5 GB,SSD,75.2 GB,-,-,LB,A-A,3.10.0-1160.45.1.el7.x86_64,-,"openjdk version ""17""",Python 2.7.5,Disabled,사용안함,O,O,O,X
102,LUPPITER,민간(EPC),운영(PRD),사용,목동,EPC_M1_MGMT,mgmt-1-c-pod1,cnode25,10.2.13.25,AP,　,m1-jpt-prd-mon-a02,Running,10.2.14.104,-,m1-jpt-prd-mon-a02,m1-jpt-prd-mon-a02,centos-7.9-64bit,8,16,-,-,"JAR_FILE: luppiter-web.war
Spring Boot Version: 2.7.5
JAR_FILE: SlackEventDispatcher-1.0.0.jar
Spring Boot Version: 3.3.5
JAR_FILE: message_bridge.war
Spring Boot Version: 2.7.5",-,-,-,SSD,21.5 GB,SSD,75.2 GB,-,-,LB,A-A,3.10.0-1160.45.1.el7.x86_64,-,"openjdk version ""17""",Python 2.7.5,Disabled,사용안함,O,O,O,X
103,LUPPITER,민간(EPC),운영(PRD),미사용,목동,EPC_M1_MGMT,mgmt-1-c-pod2,cnode03,10.2.7.3,AP,　,m1-jpt-prd-mon-a03,Running,10.2.14.107,-,m1-jpt-prd-mon-a03,m1-jpt-prd-mon-a03,centos-7.9-64bit,8,8,-,-,grafana-9.0.6,10.2.8.99,-,10.2.14.139,SSD,21.5 GB,-,-,ISCSI,53.7 GB,HA,A-S,3.10.0-1160.45.1.el7.x86_64,pacemaker-1.1.23-1,-,Python 2.7.5,Disabled,사용안함,O,O,X,X
104,LUPPITER,민간(EPC),운영(PRD),미사용,목동,EPC_M1_MGMT,mgmt-1-c-pod2,cnode01,10.2.7.1,AP,　,m1-jpt-prd-mon-a04,Running,10.2.14.108,-,m1-jpt-prd-mon-a04,m1-jpt-prd-mon-a04,centos-7.9-64bit,8,8,-,-,-,10.2.8.115,-,-,SSD,21.5 GB,-,-,ISCSI,53.7 GB,HA,A-S,3.10.0-1160.42.2.el7.x86_64,pacemaker-1.1.23-1,-,Python 2.7.5,Disabled,사용안함,O,O,X,X
105,LUPPITER,민간(EPC),운영(PRD),미사용,목동,EPC_M1_MGMT,mgmt-1-c-pod2,cnode04,10.2.7.4,AP,　,m1-jpt-prd-mon-a05,Running,10.2.14.205,-,m1-jpt-prd-mon-a05,m1-jpt-prd-mon-a05,rocky-8.10-64bit,4,8,-,-,podman 4.9.4,-,-,10.2.14.207,SSD,32 GB,SSD,70 GB,-,-,　,　,4.18.0-553.el8_10.x86_64,-,-,-,Disabled,사용안함,O,O,O,X
106,LUPPITER,민간(EPC),운영(PRD),미사용,목동,EPC_M1_MGMT,mgmt-1-c-pod2,cnode07,10.2.7.7,AP,　,m1-jpt-prd-mon-a06,Running,10.2.14.206,-,m1-jpt-prd-mon-a06,m1-jpt-prd-mon-a06,rocky-8.10-64bit,4,8,-,Apache/2.4.63,podman 4.9.4,-,-,-,SSD,32 GB,SSD,70 GB,-,-,　,　,4.18.0-553.el8_10.x86_64,-,-,-,Disabled,사용안함,O,O,O,X
107,LUPPITER,민간(EPC),운영(PRD),사용,목동,EPC_M1_MGMT,mgmt-1-c-pod1,cnode24,10.2.13.24,DB,　,m1-jpt-prd-mon-d01,Running,10.2.14.105,-,m1-jpt-prd-mon-d01,m1-jpt-prd-mon-d01,centos-7.9-64bit,16,32,PostgreSQL 13.5,-,-,10.2.8.73,-,10.2.14.138,SSD,21.5 GB,SSD,21.5 GB,ISCSI,719.5 GB,HA,A-S,3.10.0-1160.45.1.el7.x86_64,MCCS 4.4.11.1,-,Python 2.7.5,Disabled,사용안함,O,O,O,X
108,LUPPITER,민간(EPC),운영(PRD),사용,목동,EPC_M1_MGMT,mgmt-1-c-pod1,cnode25,10.2.13.25,DB,　,m1-jpt-prd-mon-d02,Running,10.2.14.106,-,m1-jpt-prd-mon-d02,m1-jpt-prd-mon-d02,centos-7.9-64bit,16,32,PostgreSQL 13.5,-,-,10.2.8.87,-,-,SSD,21.5 GB,SSD,21.5 GB,ISCSI,719.5 GB,HA,A-S,3.10.0-1160.45.1.el7.x86_64,MCCS 4.4.11.1,-,Python 2.7.5,Disabled,사용안함,O,O,O,X
109,LUPPITER,민간(EPC),운영(PRD),사용,목동,EPC_M1_MGMT,mgmt-1-c-pod2,cnode04,10.2.7.4,WEB,　,m1-jpt-prd-mon-w01,Running,10.2.14.101,-,m1-jpt-prd-mon-w01,m1-jpt-prd-mon-w01,centos-7.9-64bit,4,4,-,Apache/2.4.63,-,-,-,-,SSD,21.5 GB,SSD,75.2 GB,-,-,LB,A-A,3.10.0-1160.45.1.el7.x86_64,-,-,Python 2.7.5,Disabled,사용안함,O,O,O,O
110,LUPPITER,민간(EPC),운영(PRD),사용,목동,EPC_M1_MGMT,mgmt-1-c-pod2,cnode01,10.2.7.1,WEB,　,m1-jpt-prd-mon-w02,Running,10.2.14.102,-,m1-jpt-prd-mon-w02,m1-jpt-prd-mon-w02,centos-7.9-64bit,4,4,-,Apache/2.4.63,-,-,-,-,SSD,21.5 GB,SSD,75.2 GB,-,-,LB,A-A,3.10.0-1160.45.1.el7.x86_64,-,-,Python 2.7.5,Disabled,사용안함,O,O,O,O
111,LUPPITER(Prometheus),민간(EPC),운영(PRD),미사용,목동,EPC_M1_MGMT,mgmt-1-c-pod2,cnode01,10.2.7.1,AP,　,m1-jpt-prd-pro-a01,Running,10.2.14.131,-,m1-jpt-prd-pro-a01,m1-jpt-prd-pro-a01,centos-7.9-64bit,8,8,-,-,Docker version 24.0.2,10.2.8.212,-,10.2.14.155,SSD,21.5 GB,SSD,21.5 GB,ISCSI,1073.9 GB,HA,A-S,3.10.0-1160.45.1.el7.x86_64,pacemaker-1.1.23-1,-,Python 2.7.5,Disabled,iptable,O,O,X,X
112,LUPPITER(Prometheus),민간(EPC),운영(PRD),미사용,목동,EPC_M1_MGMT,mgmt-1-c-pod2,cnode01,10.2.7.1,AP,　,m1-jpt-prd-pro-a03,Running,10.2.14.133,-,m1-jpt-prd-pro-a03,m1-jpt-prd-pro-a03,centos-7.9-64bit,8,8,-,-,prometheus version 2.39.1,10.2.8.216,-,10.2.14.156,SSD,21.5 GB,SSD,21.5 GB,ISCSI,1073.9 GB,HA,A-S,3.10.0-1160.45.1.el7.x86_64,pacemaker-1.1.23-1,-,Python 2.7.5,Disabled,사용안함,O,X,X,X
113,LUPPITER(ZABBIX),민간(EPC),운영(PRD),사용,목동,EPC_M1_MGMT,mgmt-1-c-pod1,cnode22,10.2.13.22,AP,　,m1-jpt-prd-zab-a01,Running,10.2.14.111,-,m1-jpt-prd-zab-a01,m1-jpt-prd-zab-a01,centos-7.9-64bit,16,16,-,-,zabbix_server 5.0.25,10.2.8.117,-,10.2.14.147,SSD,21.5 GB,-,-,ISCSI,53.7 GB,HA,A-S,3.10.0-1160.45.1.el7.x86_64,pacemaker-1.1.23-1,-,Python 3.6.8,Disabled,사용안함,O,O,O,X
114,LUPPITER(ZABBIX),민간(EPC),운영(PRD),사용,목동,EPC_M1_MGMT,mgmt-1-c-pod1,cnode25,10.2.13.25,AP,　,m1-jpt-prd-zab-a02,Running,10.2.14.112,-,m1-jpt-prd-zab-a02,m1-jpt-prd-zab-a02,centos-7.9-64bit,16,16,-,-,-,10.2.8.119,-,-,SSD,21.5 GB,-,-,ISCSI,53.7 GB,HA,A-S,3.10.0-1160.45.1.el7.x86_64,pacemaker-1.1.23-1,-,Python 3.6.8,Disabled,사용안함,O,O,O,X
115,LUPPITER(ZABBIX),민간(EPC),운영(PRD),사용,목동,EPC_M1_MGMT,mgmt-1-c-pod1,cnode26,10.2.13.26,AP,　,m1-jpt-prd-zab-a03,Running,10.2.14.117,-,m1-jpt-prd-zab-a03,m1-jpt-prd-zab-a03,centos-7.9-64bit,16,32,-,-,zabbix_server 5.0.25,10.2.8.158,-,10.2.14.148,SSD,21.5 GB,-,-,ISCSI,53.7 GB,HA,A-S,3.10.0-1160.45.1.el7.x86_64,pacemaker-1.1.23-1,-,Python 3.6.8,Disabled,사용안함,O,O,O,X
116,LUPPITER(ZABBIX),민간(EPC),운영(PRD),사용,목동,EPC_M1_MGMT,mgmt-1-c-pod1,cnode25,10.2.13.25,AP,　,m1-jpt-prd-zab-a04,Running,10.2.14.118,-,m1-jpt-prd-zab-a04,m1-jpt-prd-zab-a04,centos-7.9-64bit,16,16,-,-,-,10.2.8.169,-,-,SSD,21.5 GB,-,-,ISCSI,53.7 GB,HA,A-S,3.10.0-1160.45.1.el7.x86_64,pacemaker-1.1.23-1,-,Python 3.6.8,Disabled,사용안함,O,O,O,X
117,LUPPITER(ZABBIX),민간(EPC),운영(PRD),사용,목동,EPC_M1_MGMT,mgmt-1-c-pod1,cnode13,10.2.13.13,AP,　,m1-jpt-prd-zab-a05,Running,10.2.14.211,-,m1-jpt-prd-zab-a05,m1-jpt-prd-zab-a05,rocky-8.10-64bit,8,16,-,-,zabbix_server 7.0.3,10.2.8.184,-,10.2.14.213,SSD,32 GB,-,-,ISCSI,50 GB,HA,A-S,4.18.0-553.el8_10.x86_64,pacemaker-2.1.7-5.2,-,Python 3.6.8,Disabled,사용안함,O,O,O,X
118,LUPPITER(ZABBIX),민간(EPC),운영(PRD),사용,목동,EPC_M1_MGMT,mgmt-1-c-pod1,cnode26,10.2.13.26,AP,　,m1-jpt-prd-zab-a06,Running,10.2.14.212,-,m1-jpt-prd-zab-a06,m1-jpt-prd-zab-a06,rocky-8.10-64bit,8,16,-,-,-,10.2.8.186,-,-,SSD,32 GB,-,-,ISCSI,50 GB,HA,A-S,4.18.0-553.el8_10.x86_64,pacemaker-2.1.7-5.2,-,Python 3.6.8,Disabled,사용안함,O,O,O,X
119,LUPPITER(ZABBIX),민간(EPC),운영(PRD),사용,목동,EPC_M1_MGMT,mgmt-1-c-pod1,cnode22,10.2.13.22,DB,　,m1-jpt-prd-zab-d01,Running,10.2.14.113,-,m1-jpt-prd-zab-d01,m1-jpt-prd-zab-d01,centos-7.9-64bit,16,32,"PostgreSQL 13.5
MariaDB 10.5.16",-,-,10.2.8.154,-,10.2.14.141,SSD,21.5 GB,SSD,21.5 GB,ISCSI,"3403.8 GB
3298.5 GB",HA,A-S,3.10.0-1160.45.1.el7.x86_64,MCCS 4.4.11.2,-,Python 2.7.5,Disabled,사용안함,O,O,O,X
120,LUPPITER(ZABBIX),민간(EPC),운영(PRD),사용,목동,EPC_M1_MGMT,mgmt-1-c-pod1,cnode23,10.2.13.23,DB,　,m1-jpt-prd-zab-d02,Running,10.2.14.114,-,m1-jpt-prd-zab-d02,m1-jpt-prd-zab-d02,centos-7.9-64bit,16,32,PostgreSQL 13.5,-,-,10.2.8.156,-,-,SSD,21.5 GB,SSD,21.5 GB,ISCSI,"3403.8 GB
3298.5 GB",HA,A-S,3.10.0-1160.45.1.el7.x86_64,MCCS 4.4.11.2,-,Python 2.7.5,Disabled,사용안함,O,O,O,X
121,LUPPITER(ZABBIX),민간(EPC),운영(PRD),사용,목동,EPC_M1_MGMT,mgmt-1-c-pod1,cnode23,10.2.13.23,DB,　,m1-jpt-prd-zab-d03,Running,10.2.14.119,-,m1-jpt-prd-zab-d03,m1-jpt-prd-zab-d03,centos-7.9-64bit,16,32,PostgreSQL 13.5,-,-,10.2.8.171,-,-,SSD,21.5 GB,SSD,21.5 GB,ISCSI,"3403.8 GB
2199.0 GB
3298.5 GB",HA,A-S,3.10.0-1160.45.1.el7.x86_64,MCCS 4.4.11.2,-,Python 2.7.5,Disabled,사용안함,O,O,O,X
122,LUPPITER(ZABBIX),민간(EPC),운영(PRD),사용,목동,EPC_M1_MGMT,mgmt-1-c-pod1,cnode22,10.2.13.22,DB,　,m1-jpt-prd-zab-d04,Running,10.2.14.120,-,m1-jpt-prd-zab-d04,m1-jpt-prd-zab-d04,centos-7.9-64bit,16,32,PostgreSQL 13.5,-,-,10.2.8.173,-,10.2.14.143,SSD,21.5 GB,SSD,21.5 GB,ISCSI,"3403.8 GB
2199.0 GB
3298.5 GB",HA,A-S,3.10.0-1160.45.1.el7.x86_64,MCCS 4.4.11.2,-,Python 2.7.5,Disabled,사용안함,O,O,O,X
123,LUPPITER(ZABBIX),민간(EPC),운영(PRD),사용,목동,EPC_M1_MGMT,mgmt-1-c-pod1,cnode22,10.2.13.22,DB,　,m1-jpt-prd-zab-d05,Running,10.2.14.135,-,m1-jpt-prd-zab-d05,m1-jpt-prd-zab-d05,centos-7.9-64bit,8,16,PostgreSQL 13.5,-,-,10.2.8.183,-,10.2.14.151,SSD,21.5 GB,SSD,21.5 GB,ISCSI,182.6 GB,HA,A-S,3.10.0-1160.45.1.el7.x86_64,pacemaker-1.1.23-1,-,Python 2.7.5,Disabled,사용안함,O,O,O,X
124,LUPPITER(ZABBIX),민간(EPC),운영(PRD),사용,목동,EPC_M1_MGMT,mgmt-1-c-pod1,cnode24,10.2.13.24,DB,　,m1-jpt-prd-zab-d06,Running,10.2.14.136,-,m1-jpt-prd-zab-d06,m1-jpt-prd-zab-d06,centos-7.9-64bit,8,16,PostgreSQL 13.5,-,-,10.2.8.185,-,-,SSD,21.5 GB,SSD,21.5 GB,ISCSI,182.6 GB,HA,A-S,3.10.0-1160.45.1.el7.x86_64,pacemaker-1.1.23-1,-,Python 2.7.5,Disabled,사용안함,O,O,O,X
125,LUPPITER(ZABBIX),민간(EPC),운영(PRD),사용,목동,EPC_M1_MGMT,mgmt-1-c-pod1,cnode24,10.2.13.24,DB,　,m1-jpt-prd-zab-d07,Running,10.2.14.129,-,m1-jpt-prd-zab-d07,m1-jpt-prd-zab-d07,centos-7.9-64bit,8,16,PostgreSQL 13.5,-,-,10.2.8.198,-,10.2.14.154,SSD,21.5 GB,SSD,21.5 GB,ISCSI,182.6 GB,HA,A-S,3.10.0-1160.45.1.el7.x86_64,pacemaker-1.1.23-1,-,Python 2.7.5,Disabled,사용안함,O,O,O,X
126,LUPPITER(ZABBIX),민간(EPC),운영(PRD),사용,목동,EPC_M1_MGMT,mgmt-1-c-pod1,cnode22,10.2.13.22,DB,　,m1-jpt-prd-zab-d08,Running,10.2.14.130,-,m1-jpt-prd-zab-d08,m1-jpt-prd-zab-d08,centos-7.9-64bit,8,16,PostgreSQL 13.5,-,-,10.2.8.205,-,-,SSD,21.5 GB,SSD,21.5 GB,ISCSI,182.6 GB,HA,A-S,3.10.0-1160.45.1.el7.x86_64,pacemaker-1.1.23-1,-,Python 2.7.5,Disabled,사용안함,O,O,O,X
127,LUPPITER(ZABBIX),민간(EPC),운영(PRD),사용,목동,EPC_M1_MGMT,mgmt-1-c-pod1,cnode23,10.2.13.23,DB,　,m1-jpt-prd-zab-d09,Running,10.2.14.214,-,m1-jpt-prd-zab-d09,m1-jpt-prd-zab-d09,rocky-8.10-64bit,16,32,PostgreSQL 15.8,-,-,10.2.8.188,-,10.2.14.216,SSD,32 GB,SSD,20 GB,ISCSI,"2 TB
2 TB",HA,A-S,4.18.0-553.el8_10.x86_64,MCCS 4.4.14,-,Python 3.6.8,Disabled,사용안함,O,O,O,X
128,LUPPITER(ZABBIX),민간(EPC),운영(PRD),사용,목동,EPC_M1_MGMT,mgmt-1-c-pod1,cnode26,10.2.13.26,DB,　,m1-jpt-prd-zab-d10,Running,10.2.14.215,-,m1-jpt-prd-zab-d10,m1-jpt-prd-zab-d10,rocky-8.10-64bit,16,32,PostgreSQL 15.8,-,-,10.2.8.190,-,-,SSD,32 GB,SSD,20 GB,ISCSI,"2 TB
2 TB",HA,A-S,4.18.0-553.el8_10.x86_64,MCCS 4.4.14,-,Python 3.6.8,Disabled,사용안함,O,O,O,X
129,LUPPITER(ZABBIX),민간(EPC),운영(PRD),사용,목동,EPC_M1_MGMT,mgmt-1-c-pod1,cnode25,10.2.13.25,AP,　,m1-jpt-prd-zab-p01,Running,10.2.14.121,-,m1-jpt-prd-zab-p01,m1-jpt-prd-zab-p01,centos-7.9-64bit,8,8,-,-,zabbix_proxy 5.0.25,10.2.8.175,-,10.2.14.149,SSD,21.5 GB,-,-,ISCSI,53.7 GB,HA,A-S,3.10.0-1160.45.1.el7.x86_64,pacemaker-1.1.23-1,-,Python 3.6.8,Disabled,사용안함,O,O,O,X
130,LUPPITER(ZABBIX),민간(EPC),운영(PRD),사용,목동,EPC_M1_MGMT,mgmt-1-c-pod1,cnode22,10.2.13.22,AP,　,m1-jpt-prd-zab-p02,Running,10.2.14.122,-,m1-jpt-prd-zab-p02,m1-jpt-prd-zab-p02,centos-7.9-64bit,8,8,-,-,-,10.2.8.177,-,-,SSD,21.5 GB,-,-,ISCSI,53.7 GB,HA,A-S,3.10.0-1160.45.1.el7.x86_64,pacemaker-1.1.23-1,-,Python 3.6.8,Disabled,사용안함,O,O,O,X
131,LUPPITER(ZABBIX),민간(EPC),운영(PRD),사용,목동,EPC_M1_MGMT,mgmt-1-c-pod1,cnode23,10.2.13.23,AP,　,m1-jpt-prd-zab-p03,Running,10.2.14.123,-,m1-jpt-prd-zab-p03,m1-jpt-prd-zab-p03,centos-7.9-64bit,8,8,-,-,zabbix_proxy 5.0.25,10.2.8.179,-,10.2.14.150,SSD,21.5 GB,-,-,ISCSI,53.7 GB,HA,A-S,3.10.0-1160.45.1.el7.x86_64,pacemaker-1.1.23-1,-,Python 3.6.8,Disabled,사용안함,O,O,O,X
132,LUPPITER(ZABBIX),민간(EPC),운영(PRD),사용,목동,EPC_M1_MGMT,mgmt-1-c-pod1,cnode24,10.2.13.24,AP,　,m1-jpt-prd-zab-p04,Running,10.2.14.124,-,m1-jpt-prd-zab-p04,m1-jpt-prd-zab-p04,centos-7.9-64bit,8,8,-,-,-,10.2.8.181,-,-,SSD,21.5 GB,-,-,ISCSI,53.7 GB,HA,A-S,3.10.0-1160.45.1.el7.x86_64,pacemaker-1.1.23-1,-,Python 3.6.8,Disabled,사용안함,O,O,O,X
133,LUPPITER(ZABBIX),민간(EPC),운영(PRD),사용,목동,EPC_M1_MGMT,mgmt-1-c-pod1,cnode22,10.2.13.22,AP,　,m1-jpt-prd-zab-p05,Running,10.2.14.125,-,m1-jpt-prd-zab-p05,m1-jpt-prd-zab-p05,centos-7.9-64bit,8,8,-,-,zabbix_proxy 5.0.25,10.2.8.187,-,10.2.14.152,SSD,21.5 GB,-,-,ISCSI,53.7 GB,HA,A-S,3.10.0-1160.45.1.el7.x86_64,pacemaker-1.1.23-1,-,Python 3.6.8,Disabled,사용안함,O,O,O,X
134,LUPPITER(ZABBIX),민간(EPC),운영(PRD),사용,목동,EPC_M1_MGMT,mgmt-1-c-pod1,cnode25,10.2.13.25,AP,　,m1-jpt-prd-zab-p06,Running,10.2.14.126,-,m1-jpt-prd-zab-p06,m1-jpt-prd-zab-p06,centos-7.9-64bit,8,8,-,-,-,10.2.8.189,-,-,SSD,21.5 GB,-,-,ISCSI,53.7 GB,HA,A-S,3.10.0-1160.45.1.el7.x86_64,pacemaker-1.1.23-1,-,Python 3.6.8,Disabled,사용안함,O,O,O,X
135,LUPPITER(ZABBIX),민간(EPC),운영(PRD),사용,목동,EPC_M1_MGMT,mgmt-1-c-pod1,cnode25,10.2.13.25,AP,　,m1-jpt-prd-zab-p07,Running,10.2.14.127,-,m1-jpt-prd-zab-p07,m1-jpt-prd-zab-p07,centos-7.9-64bit,8,16,-,-,zabbix_proxy 5.0.25,10.2.8.194,-,10.2.14.153,SSD,21.5 GB,-,-,ISCSI,53.7 GB,HA,A-S,3.10.0-1160.45.1.el7.x86_64,pacemaker-1.1.23-1,-,Python 3.6.8,Disabled,사용안함,O,O,O,X
136,LUPPITER(ZABBIX),민간(EPC),운영(PRD),사용,목동,EPC_M1_MGMT,mgmt-1-c-pod1,cnode22,10.2.13.22,AP,　,m1-jpt-prd-zab-p08,Running,10.2.14.128,-,m1-jpt-prd-zab-p08,m1-jpt-prd-zab-p08,centos-7.9-64bit,8,16,-,-,-,10.2.8.196,-,-,SSD,21.5 GB,-,-,ISCSI,53.7 GB,HA,A-S,3.10.0-1160.45.1.el7.x86_64,pacemaker-1.1.23-1,-,Python 3.6.8,Disabled,사용안함,O,O,O,X
137,LUPPITER(ZABBIX),민간(EPC),운영(PRD),사용,목동,EPC_M1_MGMT,mgmt-1-c-pod1,cnode25,10.2.13.25,AP,　,m1-jpt-prd-zab-p09,Running,10.2.14.185,-,m1-jpt-prd-zab-p09,m1-jpt-prd-zab-p09,centos-7.9-64bit,8,8,-,-,zabbix_proxy 5.0.25,10.2.8.77,-,-,SSD,34.4 GB,-,-,ISCSI,53.7 GB,HA,A-S,3.10.0-1160.45.1.el7.x86_64,pacemaker-1.1.23-1,-,Python 3.6.8,Disabled,사용안함,O,O,O,X
138,LUPPITER(ZABBIX),민간(EPC),운영(PRD),사용,목동,EPC_M1_MGMT,mgmt-1-c-pod1,cnode23,10.2.13.23,AP,　,m1-jpt-prd-zab-p10,Running,10.2.14.186,-,m1-jpt-prd-zab-p10,m1-jpt-prd-zab-p10,centos-7.9-64bit,8,8,-,-,zabbix_proxy 5.0.25,10.2.8.75,-,10.2.14.230,SSD,34.4 GB,-,-,ISCSI,"53.7 GB
53.7 GB",HA,A-S,3.10.0-1160.45.1.el7.x86_64,pacemaker-1.1.23-1,-,Python 3.6.8,Disabled,사용안함,O,O,O,X
139,LUPPITER(ZABBIX),민간(EPC),운영(PRD),사용,목동,EPC_M1_MGMT,mgmt-1-c-pod2,cnode04,10.2.7.4,WEB,　,m1-jpt-prd-zab-w01,Running,10.2.14.109,-,m1-jpt-prd-zab-w01,m1-jpt-prd-zab-w01,centos-7.9-64bit,4,8,-,Apache/2.4.63,-,-,-,-,SSD,21.5 GB,SSD,75.2 GB,-,-,LB,A-A,3.10.0-1160.45.1.el7.x86_64,-,-,Python 2.7.5,Disabled,사용안함,O,O,O,O
140,LUPPITER(ZABBIX),민간(EPC),운영(PRD),사용,목동,EPC_M1_MGMT,mgmt-1-c-pod2,cnode03,10.2.7.3,WEB,　,m1-jpt-prd-zab-w02,Running,10.2.14.110,-,m1-jpt-prd-zab-w02,m1-jpt-prd-zab-w02,centos-7.9-64bit,4,8,-,Apache/2.4.63,-,-,-,-,SSD,21.5 GB,SSD,75.2 GB,-,-,LB,A-A,3.10.0-1160.45.1.el7.x86_64,-,-,Python 2.7.5,Disabled,사용안함,O,O,O,O
141,LUPPITER(ZABBIX),민간(EPC),운영(PRD),사용,목동,EPC_M1_MGMT,mgmt-1-c-pod2,cnode01,10.2.7.1,WEB,　,m1-jpt-prd-zab-w03,Running,10.2.14.115,-,m1-jpt-prd-zab-w03,m1-jpt-prd-zab-w03,centos-7.9-64bit,4,4,-,Apache/2.4.63,-,-,-,-,SSD,21.5 GB,SSD,75.2 GB,-,-,LB,A-A,3.10.0-1160.45.1.el7.x86_64,-,-,Python 2.7.5,Disabled,사용안함,O,O,O,O
142,LUPPITER(ZABBIX),민간(EPC),운영(PRD),사용,목동,EPC_M1_MGMT,mgmt-1-c-pod2,cnode07,10.2.7.7,WEB,　,m1-jpt-prd-zab-w04,Running,10.2.14.116,-,m1-jpt-prd-zab-w04,m1-jpt-prd-zab-w04,centos-7.9-64bit,4,4,-,Apache/2.4.63,-,-,-,-,SSD,21.5 GB,SSD,75.2 GB,-,-,LB,A-A,3.10.0-1160.45.1.el7.x86_64,-,-,Python 2.7.5,Disabled,사용안함,O,O,O,O
143,LUPPITER(ZABBIX),민간(EPC),운영(PRD),사용,목동,EPC_M1_MGMT,mgmt-1-c-pod2,cnode04,10.2.7.4,WEB,　,m1-jpt-prd-zab-w05,Running,10.2.14.208,-,m1-jpt-prd-zab-w05,m1-jpt-prd-zab-w05,rocky-8.10-64bit,4,8,-,Apache/2.4.63,-,-,-,-,SSD,32 GB,SSD,70 GB,-,-,LB,A-A,4.18.0-553.el8_10.x86_64,-,-,Python 3.12.1,Disabled,사용안함,O,O,O,O
144,LUPPITER(ZABBIX),민간(EPC),운영(PRD),사용,목동,EPC_M1_MGMT,mgmt-1-c-pod2,cnode08,10.2.7.8,WEB,　,m1-jpt-prd-zab-w06,Running,10.2.14.209,-,m1-jpt-prd-zab-w06,m1-jpt-prd-zab-w06,rocky-8.10-64bit,4,8,-,Apache/2.4.63,-,-,-,-,SSD,32 GB,SSD,70 GB,-,-,LB,A-A,4.18.0-553.el8_10.x86_64,-,-,Python 3.12.1,Disabled,사용안함,O,O,O,O
145,LUPPITER,민간(EPC),스테이징(STG),미사용,목동,EPC_M1_MGMT,mgmt-1-c-pod2,cnode02,10.2.7.2,LB,　,m1-jpt-stg-hap-a01,Running,10.2.14.189,-,m1-jpt-stg-hap-a01,m1-jpt-stg-hap-a01,centos-7.9-64bit,2,4,-,-,HAProxy version 2.6.1,-,-,-,SSD,34.4 GB,SSD,53.7 GB,-,-,　,　,3.10.0-1160.45.1.el7.x86_64,-,-,Python 2.7.5,Disabled,사용안함,O,X,X,X
146,LUPPITER(ZABBIX),민간(EPC),스테이징(STG),사용,목동,EPC_M1_MGMT,mgmt-1-c-pod2,cnode03,10.2.7.3,AP,　,m1-jpt-stg-zab-p01,Running,10.2.14.197,-,m1-jpt-stg-zab-p01,m1-jpt-stg-zab-p01,rocky-8.10-64bit,4,4,-,-,zabbix_proxy 7.0.3,-,-,-,SSD,32 GB,SSD,50 GB,-,-,-,-,4.18.0-553.el8_10.x86_64,-,-,Python 3.12.1,Disabled,사용안함,O,X,X,X
147,LUPPITER(ZABBIX),민간(EPC),스테이징(STG),사용,목동,EPC_M1_MGMT,mgmt-1-c-pod2,cnode01,10.2.7.1,DB,　,m1-jpt-stg-zab-pd01,Running,10.2.14.199,-,m1-jpt-stg-zab-pd01,m1-jpt-stg-zab-pd01,rocky-8.10-64bit,4,8,PostgreSQL 15.8,-,-,-,-,-,SSD,32 GB,SSD,120 GB,-,-,　,　,4.18.0-553.el8_10.x86_64,-,-,Python 3.12.1,Disabled,사용안함,O,X,X,X
148,GIT,민간(EPC),개발(DEV),미사용,목동,EPC_M1_MGMT,mgmt-1-c-pod2,cnode01,10.2.7.1,AP,　,m1-ops-com-git-01,Running,10.2.14.229,-,m1-ops-com-git-01,m1-ops-com-git-01,centos-7.9-64bit,4,8,-,-,-,-,-,-,SSD,34.4 GB,SSD,107.4 GB,-,-,　,　,3.10.0-1160.45.1.el7.x86_64,-,-,Python 2.7.5,Disabled,사용안함,O,X,X,X
149,LUPPITER(ZABBIX),민간(EPC),개발(DEV),사용,목동,EPC_M1_MGMT,mgmt-1-c-pod2,cnode04,10.2.7.4,DB,　,p-mon-mk1-d01,Running,10.2.14.54,-,p-mon-mk1-d01,p-mon-mk1-d01,centos-7.9-64bit,4,16,PostgreSQL 13.5,-,-,-,-,-,SSD,34.4 GB,SSD,214.7 GB,-,-,　,　,3.10.0-1160.45.1.el7.x86_64,-,-,Python 2.7.5,Disabled,사용안함,O,X,X,X
150,LUPPITER(ZABBIX),민간(EPC),개발(DEV),사용,목동,EPC_M1_MGMT,mgmt-1-c-pod2,cnode04,10.2.7.4,WEB,　,p-mon-mk1-w01,Running,10.2.14.52,-,p-mon-mk1-w01,p-mon-mk1-w01,centos-7.9-64bit,16,32,-,Apache 2.4.41,-,-,-,-,SSD,34.4 GB,SSD,214.7 GB,-,-,　,　,3.10.0-1160.45.1.el7.x86_64,-,-,Python 3.6.8,Disabled,사용안함,O,X,X,X
151,LUPPITER(ZABBIX),민간(EPC),개발(DEV),사용,목동,EPC_M1_MGMT,mgmt-1-c-pod2,cnode03,10.2.7.3,WEB,　,p-mon-mk1-w02,Running,10.2.14.55,-,p-mon-mk1-w02,p-mon-mk1-w02,Windows 2016 Standard,4,4,-,-,-,-,-,-,-,49.5 GB,-,-,-,-,　,　,10.0.14393 N/A 빌드 14393,-,-,Python 3.12.2,-,-,O,O,　,　
152,GAIA,공공(EPC),운영(PRD),미사용,용산,MGMT-G-YS-YS1,-,-,-,AP,　,ys-clb-prd-ant-e01,Stop,172.27.1.31,-,-,-,centos-7.9-64bit,8,16,-,-,-,-,-,-,-,-,-,-,-,-,-,-,-,-,-,-,-,-,X,-,-,-
153,GAIA,공공(EPC),운영(PRD),미사용,용산,MGMT-G-YS-YS1,-,-,-,AP,　,ys-clb-prd-ant-e02,Stop,172.27.1.28,-,-,-,centos-7.9-64bit,8,16,-,-,-,-,-,-,-,-,-,-,-,-,-,-,-,-,-,-,-,-,X,-,-,-
154,GAIA,공공(EPC),운영(PRD),사용,용산,MGMT-G-YS-YS1,-,-,-,AP,　,ys-gaia-prd-ansible-p01,Running,172.27.1.41,10.48.219.82,ys-clb-prd-and-e01,ys-gaia-prd-ansible-p01,rocky-8.10-64bit,8,16,-,-,-,-,-,-,-,-,-,-,-,-,　,　,4.18.0-553.el8_10.x86_64,-,-,Python 3.12.1,Disabled,-,O,　,O,　
155,GAIA,공공(EPC),운영(PRD),사용,용산,MGMT-G-YS-YS1,-,-,-,AP,　,ys-gaia-prd-ansible-p02,Running,172.27.1.59,10.48.219.83,ys-clb-prd-and-e02,ys-gaia-prd-ansible-p02,rocky-8.10-64bit,8,16,-,-,-,-,-,-,-,-,-,-,-,-,　,　,4.18.0-553.el8_10.x86_64,-,-,Python 3.12.1,Disabled,-,O,　,O,　
156,HERA,공공(EPC),개발(DEV),사용,용산,MGMT-G-YS-YS1,-,-,-,AP,　,ys-hera-gapigw-a01,Running,10.48.220.162,-,ys-hera-gapigw-a01,ys-hera-gapigw-a01,rocky-8.10-64bit,4,8,-,-,"JAR_FILE: apigw-0.0.1-SNAPSHOT.war
Spring Boot Version: 3.3.5
JAR_FILE: hera_dbgw-0.0.1-SNAPSHOT.war
Spring Boot Version: 3.3.5",-,-,-,HDD,50 GB,HDD,130 GB,-,-,　,　,4.18.0-553.el8_10.x86_64,-,"openjdk version ""17.0.11""",Python 3.11.7,Disabled,firewalld,O,O,O,X
157,HERA,공공(EPC),개발(DEV),사용,용산,MGMT-G-YS-YS1,-,-,-,AP,　,ys-hera-gapigw-b01,Running,10.48.220.163,-,ys-hera-gapigw-b01,ys-hera-gapigw-b01,rocky-8.10-64bit,16,32,-,-,"JAR_FILE: batch_runner-0.0.1-SNAPSHOT.jar
Spring Boot Version: 3.3.5",-,-,-,HDD,50 GB,HDD,"130 GB
20 GB",-,-,　,　,4.18.0-553.el8_10.x86_64,-,"openjdk version ""17.0.11""",Python 3.11.7,Disabled,firewalld,O,O,O,X
158,HERA,공공(EPC),개발(DEV),사용,용산,MGMT-G-YS-YS1,-,-,-,DB,　,ys-hera-gapigw-d01,Running,10.48.220.164,-,ys-hera-gapigw-d01,ys-hera-gapigw-d01,rocky-8.10-64bit,8,16,"Mariadb 11.4.2
Mariadb 11.4.4",-,-,-,-,-,HDD,50 GB,HDD,20 GB,ISCSI,"110 GB
70 GB",　,　,4.18.0-553.el8_10.x86_64,-,-,-,Disabled,firewalld,O,O,O,X
159,HERA,공공(EPC),운영(PRD),사용,용산,MGMT-G-YS-YS1,-,-,-,AP,　,ys-hera-gapigw-prd-a01,Running,10.48.220.194,-,ys-hera-gapigw-prd-a01,ys-hera-gapigw-prd-a01,rocky-8.10-64bit,16,16,-,-,-,-,-,-,HDD,50 GB,HDD,50 GB,ISCSI,400 GB,　,　,4.18.0-553.el8_10.x86_64,pacemaker-2.1.7-5.2,"openjdk version ""17.0.11""",Python 3.6.8,Disabled,firewalld,O,O,O,X
160,HERA,공공(EPC),운영(PRD),사용,용산,MGMT-G-YS-YS1,-,-,-,AP,　,ys-hera-gapigw-prd-a02,Running,10.48.220.195,-,ys-hera-gapigw-prd-a02,ys-hera-gapigw-prd-a02,rocky-8.10-64bit,16,16,-,-,"JAR_FILE: apigw-0.0.1-SNAPSHOT.war
Spring Boot Version: 3.3.5
JAR_FILE: hera_dbgw-0.0.1-SNAPSHOT.war
Spring Boot Version: 3.3.5",-,-,10.48.220.196,HDD,50 GB,HDD,50 GB,ISCSI,400 GB,HA,A-S,4.18.0-553.el8_10.x86_64,pacemaker-2.1.7-5.2,"openjdk version ""17.0.11""",Python 3.6.8,Disabled,firewalld,O,O,O,X
161,HERA,공공(EPC),운영(PRD),사용,용산,MGMT-G-YS-YS1,-,-,-,AP,　,ys-hera-gapigw-prd-b01,Running,10.48.220.197,-,ys-hera-gapigw-prd-b01,ys-hera-gapigw-prd-b01,rocky-8.10-64bit,32,32,-,-,-,-,-,10.48.220.199,HDD,50 GB,HDD,"50 GB
20 GB",ISCSI,400 GB,HA,A-S,4.18.0-553.el8_10.x86_64,pacemaker-2.1.7-5.2,"openjdk version ""17.0.11""",Python 3.6.8,Disabled,firewalld,O,O,O,X
162,HERA,공공(EPC),운영(PRD),사용,용산,MGMT-G-YS-YS1,-,-,-,AP,　,ys-hera-gapigw-prd-b02,Running,10.48.220.198,-,ys-hera-gapigw-prd-b02,ys-hera-gapigw-prd-b02,rocky-8.10-64bit,32,32,-,-,-,-,-,-,HDD,50 GB,HDD,"50 GB
20 GB",ISCSI,400 GB,HA,A-S,4.18.0-553.el8_10.x86_64,pacemaker-2.1.7-5.2,"openjdk version ""17.0.11""",Python 3.6.8,Disabled,firewalld,O,O,O,X
163,HERA,공공(EPC),운영(PRD),사용,용산,MGMT-G-YS-YS1,-,-,-,DB,　,ys-hera-gapigw-prd-d01,Running,10.48.220.200,-,ys-hera-gapigw-prd-d01,ys-hera-gapigw-prd-d01,rocky-8.10-64bit,16,32,Mariadb 11.4.4,-,-,-,-,10.48.220.202,HDD,50 GB,HDD,50 GB,ISCSI,"440 GB
300 GB",HA,A-S,4.18.0-553.el8_10.x86_64,pacemaker-2.1.7-5.2,-,Python 3.6.8,Disabled,firewalld,O,O,O,X
164,HERA,공공(EPC),운영(PRD),사용,용산,MGMT-G-YS-YS1,-,-,-,DB,　,ys-hera-gapigw-prd-d02,Running,10.48.220.201,-,ys-hera-gapigw-prd-d02,ys-hera-gapigw-prd-d02,rocky-8.10-64bit,16,32,Mariadb 11.4.4,-,-,-,-,-,HDD,50 GB,HDD,50 GB,ISCSI,"440 GB
300 GB",HA,A-S,4.18.0-553.el8_10.x86_64,pacemaker-2.1.7-5.2,-,Python 3.6.8,Disabled,firewalld,O,O,O,X
165,HERA,공공(EPC),스테이징(STG),미사용,용산,MGMT-G-YS-YS1,-,-,-,AP,　,ys-hera-gapigw-stg-a01,Running,10.48.220.165,-,ys-hera-gapigw-stg-a01,ys-hera-gapigw-stg-a01,rocky-8.10-64bit,8,16,-,-,-,-,-,10.48.220.167,HDD,50 GB,HDD,50 GB,ISCSI,200 GB,　,　,4.18.0-553.el8_10.x86_64,-,"openjdk version ""17.0.11""",Python 3.11.7,Disabled,firewalld,O,O,O,X
166,HERA,공공(EPC),스테이징(STG),미사용,용산,MGMT-G-YS-YS1,-,-,-,AP,　,ys-hera-gapigw-stg-a02,Running,10.48.220.166,-,ys-hera-gapigw-stg-a02,ys-hera-gapigw-stg-a02,rocky-8.10-64bit,8,16,-,-,-,-,-,-,HDD,50 GB,HDD,50 GB,ISCSI,200 GB,　,　,4.18.0-553.el8_10.x86_64,-,"openjdk version ""17.0.11""",Python 3.11.7,Disabled,firewalld,O,O,O,X
167,HERA,공공(EPC),스테이징(STG),미사용,용산,MGMT-G-YS-YS1,-,-,-,AP,　,ys-hera-gapigw-stg-b01,Running,10.48.220.168,-,접근제어 삭제,ys-hera-gapigw-stg-b01,rocky-8.10-64bit,16,32,-,-,-,-,-,-,-,-,-,-,-,-,　,　,　,-,-,-,-,-,X,　,　,　
168,HERA,공공(EPC),스테이징(STG),미사용,용산,MGMT-G-YS-YS1,-,-,-,AP,　,ys-hera-gapigw-stg-b02,Running,10.48.220.169,-,ys-hera-gapigw-stg-b02,ys-hera-gapigw-stg-b02,rocky-8.10-64bit,16,32,-,-,-,-,-,-,HDD,50 GB,HDD,"50 GB
20 GB",ISCSI,200 GB,　,　,4.18.0-553.el8_10.x86_64,-,"openjdk version ""17.0.11""",Python 3.11.7,Disabled,firewalld,O,O,O,X
169,HERA,공공(EPC),스테이징(STG),미사용,용산,MGMT-G-YS-YS1,-,-,-,DB,　,ys-hera-gapigw-stg-d01,Running,10.48.220.171,-,ys-hera-gapigw-stg-d01,ys-hera-gapigw-stg-d01,rocky-8.10-64bit,16,32,-,-,-,-,-,10.48.220.173,HDD,50 GB,HDD,20 GB,ISCSI,"300 GB
200 GB",　,　,4.18.0-553.el8_10.x86_64,-,-,-,Disabled,firewalld,O,O,O,X
170,HERA,공공(EPC),스테이징(STG),미사용,용산,MGMT-G-YS-YS1,-,-,-,DB,　,ys-hera-gapigw-stg-d02,Running,10.48.220.172,-,ys-hera-gapigw-stg-d02,ys-hera-gapigw-stg-d02,rocky-8.10-64bit,16,32,-,-,-,-,-,-,HDD,50 GB,HDD,20 GB,ISCSI,"300 GB
200 GB",　,　,4.18.0-553.el8_10.x86_64,-,-,-,Disabled,firewalld,O,O,O,X
171,LUPPITER(ZABBIX),공공(EPC),운영(PRD),사용,용산,MGMT-G-YS-YS1,-,-,-,AP,　,ys-jpt-prd-gzab-a01-rocky,Running,172.27.1.20,10.48.219.72,ys-jpt-prd-gzab-a01,ys-jpt-prd-gzab-a01,rocky-8.10-64bit,16,16,-,-,zabbix_server 5.0.25,10.48.222.23,-,172.27.1.102,HDD,50 GB,-,-,ISCSI,50 GB,HA,A-S,4.18.0-553.el8_10.x86_64,pacemaker-2.1.7-5.2,-,Python 3.6.8,Disabled,firewalld,O,O,O,X
172,LUPPITER(ZABBIX),공공(EPC),운영(PRD),사용,용산,MGMT-G-YS-YS1,-,-,-,AP,　,ys-jpt-prd-gzab-a02-rocky,Running,172.27.1.89,10.48.219.73,ys-jpt-prd-gzab-a02,ys-jpt-prd-gzab-a02,rocky-8.10-64bit,16,16,-,-,-,10.48.222.24,-,-,HDD,50 GB,-,-,ISCSI,50 GB,HA,A-S,4.18.0-553.el8_10.x86_64,pacemaker-2.1.7-5.2,-,Python 3.6.8,Disabled,firewalld,O,O,O,X
173,LUPPITER(ZABBIX),공공(EPC),운영(PRD),사용,용산,MGMT-G-YS-YS1,-,-,-,DB,　,ys-jpt-prd-gzab-d01-new,Running,172.27.1.85,10.48.219.74,ys-jpt-prd-gzab-d01,ys-jpt-prd-gzab-d01,rocky-8.10-64bit,16,32,PostgreSQL 16.9,-,-,10.48.222.20,-,172.27.1.103,HDD,50 GB,HDD,20 GB,ISCSI,2.3 TB,HA,A-S,4.18.0-553.69.1.el8_10.x86_64,MCCS 4.4.14,-,Python 3.6.8,Disabled,사용안함,O,O,O,X
174,LUPPITER(ZABBIX),공공(EPC),운영(PRD),미사용,용산,MGMT-G-YS-YS1,-,-,-,DB,　,ys-jpt-prd-gzab-d01-rocky,Stop,172.27.1.49,10.48.219.90,ys-jpt-prd-gzab-d01-new,ys-jpt-prd-gzab-d01,rocky-8.10-64bit,16,32,PostgreSQL 13.5,-,-,10.48.222.26,-,-,HDD,50 GB,HDD,20 GB,ISCSI,2.3 TB,HA,A-S,4.18.0-553.el8_10.x86_64,MCCS 4.4.14,-,Python 3.6.8,Disabled,firewalld,O,O,O,X
175,LUPPITER(ZABBIX),공공(EPC),운영(PRD),사용,용산,MGMT-G-YS-YS1,-,-,-,DB,　,ys-jpt-prd-gzab-d02-new,Running,172.27.1.60,10.48.219.75,ys-jpt-prd-gzab-d02,ys-jpt-prd-gzab-d02,rocky-8.10-64bit,16,32,PostgreSQL 16.9,-,-,10.48.222.15,-,-,HDD,50 GB,HDD,20 GB,ISCSI,2.3 TB,HA,A-S,4.18.0-553.69.1.el8_10.x86_64,MCCS 4.4.14,-,Python 3.6.8,Disabled,사용안함,O,O,O,X
176,LUPPITER(ZABBIX),공공(EPC),운영(PRD),미사용,용산,MGMT-G-YS-YS1,-,-,-,DB,　,ys-jpt-prd-gzab-d02-rocky,Stop,172.27.1.38,10.48.219.91,ys-jpt-prd-gzab-d02-new,ys-jpt-prd-gzab-d02,rocky-8.10-64bit,16,32,PostgreSQL 13.5,-,-,10.48.222.27,-,-,HDD,50 GB,HDD,20 GB,ISCSI,2.3 TB,HA,A-S,4.18.0-553.el8_10.x86_64,MCCS 4.4.14,-,Python 3.6.8,Disabled,firewalld,O,O,O,X
177,LUPPITER(ZABBIX),공공(EPC),운영(PRD),사용,용산,MGMT-G-YS-YS1,-,-,-,AP,　,ys-jpt-prd-gzab-p01-rocky,Running,172.27.1.39,10.48.219.76,ys-jpt-prd-gzab-p01,ys-jpt-prd-gzab-p01,rocky-8.10-64bit,8,8,-,-,zabbix_proxy 5.0.25,10.48.222.17,-,172.27.1.104,HDD,50 GB,-,-,ISCSI,50 GB,HA,A-S,4.18.0-553.el8_10.x86_64,pacemaker-2.1.7-5.2,-,Python 3.6.8,Disabled,firewalld,O,O,O,X
178,LUPPITER(ZABBIX),공공(EPC),운영(PRD),사용,용산,MGMT-G-YS-YS1,-,-,-,AP,　,ys-jpt-prd-gzab-p02-rocky,Running,172.27.1.74,10.48.219.77,ys-jpt-prd-gzab-p02,ys-jpt-prd-gzab-p02,rocky-8.10-64bit,8,8,-,-,-,10.48.222.18,-,-,HDD,50 GB,-,-,ISCSI,50 GB,HA,A-S,4.18.0-553.el8_10.x86_64,pacemaker-2.1.7-5.2,-,Python 3.6.8,Disabled,firewalld,O,O,O,X
179,LUPPITER(ZABBIX),공공(EPC),운영(PRD),사용,용산,MGMT-G-YS-YS1,-,-,-,AP,　,ys-jpt-prd-gzab-p03-rocky,Running,172.27.1.55,10.48.219.78,ys-jpt-prd-gzab-p03,ys-jpt-prd-gzab-p03,rocky-8.10-64bit,8,8,-,-,zabbix_proxy 5.0.25,10.48.222.21,-,172.27.1.105,HDD,50 GB,-,-,ISCSI,50 GB,HA,A-S,4.18.0-553.el8_10.x86_64,pacemaker-2.1.7-5.2,-,Python 3.6.8,Disabled,firewalld,O,O,O,X
180,LUPPITER(ZABBIX),공공(EPC),운영(PRD),사용,용산,MGMT-G-YS-YS1,-,-,-,AP,　,ys-jpt-prd-gzab-p04-rocky,Running,172.27.1.52,10.48.219.79,ys-jpt-prd-gzab-p04,ys-jpt-prd-gzab-p04,rocky-8.10-64bit,8,8,-,-,-,10.48.222.22,-,-,HDD,50 GB,-,-,ISCSI,50 GB,HA,A-S,4.18.0-553.el8_10.x86_64,pacemaker-2.1.7-5.2,-,Python 3.6.8,Disabled,firewalld,O,O,O,X
181,LUPPITER(ZABBIX),공공(EPC),운영(PRD),사용,용산,MGMT-G-YS-YS1,-,-,-,DB,　,ys-jpt-prd-gzab-pd01-new,Running,172.27.1.58,10.48.219.80,ys-jpt-prd-gzab-pd01,ys-jpt-prd-gzab-pd01,rocky-8.10-64bit,8,16,PostgreSQL 16.9,-,-,10.48.222.19,-,172.27.1.106,HDD,50 GB,HDD,20 GB,ISCSI,150 GB,HA,A-S,4.18.0-553.69.1.el8_10.x86_64,pacemaker-2.1.7-5.2,-,Python 3.6.8,Disabled,사용안함,O,O,O,X
182,LUPPITER(ZABBIX),공공(EPC),운영(PRD),미사용,용산,MGMT-G-YS-YS1,-,-,-,DB,　,ys-jpt-prd-gzab-pd01-rocky,Stop,172.27.1.4,-,-,-,rocky-8.10-64bit,8,16,-,-,-,-,-,-,-,-,-,-,-,-,-,-,-,-,-,-,-,-,X,-,-,-
183,LUPPITER(ZABBIX),공공(EPC),운영(PRD),사용,용산,MGMT-G-YS-YS1,-,-,-,DB,　,ys-jpt-prd-gzab-pd02-new,Running,172.27.1.86,10.48.219.81,ys-jpt-prd-gzab-pd02,ys-jpt-prd-gzab-pd02,rocky-8.10-64bit,8,16,PostgreSQL 16.9,-,-,10.48.222.25,-,-,HDD,50 GB,HDD,20 GB,ISCSI,150 GB,HA,A-S,4.18.0-553.69.1.el8_10.x86_64,pacemaker-2.1.7-5.2,-,Python 3.6.8,Disabled,사용안함,O,O,O,X
184,LUPPITER(ZABBIX),공공(EPC),운영(PRD),미사용,용산,MGMT-G-YS-YS1,-,-,-,DB,　,ys-jpt-prd-gzab-pd02-rocky,Stop,172.27.1.47,-,-,-,rocky-8.10-64bit,8,16,-,-,-,-,-,-,-,-,-,-,-,-,-,-,-,-,-,-,-,-,X,-,-,-
185,LUPPITER(ZABBIX),공공(EPC),운영(PRD),사용,용산,MGMT-G-YS-YS1,-,-,-,AP,　,ys-jpt-prd-gzab-repo-a01,Running,172.27.1.64,-,-,-,rocky-8.10-64bit,4,4,-,-,-,-,-,-,-,-,-,-,-,-,-,-,-,-,-,-,-,-,X,-,-,-
186,LUPPITER(ZABBIX),공공(EPC),운영(PRD),사용,용산,MGMT-G-YS-YS1,-,-,-,WEB,　,ys-jpt-prd-gzab-w01-rocky,Running,172.27.0.76,10.48.219.70,ys-jpt-prd-gzab-w01,ys-jpt-prd-gzab-w01,rocky-8.10-64bit,4,8,-,Apache/2.4.63,-,-,-,-,HDD,50 GB,HDD,70 GB,-,-,LB,A-A,4.18.0-553.el8_10.x86_64,-,-,Python 3.6.8,Disabled,firewalld,O,O,O,O
187,LUPPITER(ZABBIX),공공(EPC),운영(PRD),사용,용산,MGMT-G-YS-YS1,-,-,-,WEB,　,ys-jpt-prd-gzab-w02-rocky,Running,172.27.0.82,10.48.219.71,ys-jpt-prd-gzab-w02,ys-jpt-prd-gzab-w02,rocky-8.10-64bit,4,8,-,Apache/2.4.63,-,-,-,-,HDD,50 GB,HDD,70 GB,-,-,LB,A-A,4.18.0-553.el8_10.x86_64,-,-,Python 3.6.8,Disabled,firewalld,O,O,O,O
188,LUPPITER(ZABBIX),공공(EPC),운영(PRD),사용,용산,MGMT-G-YS-YS1,-,-,-,LB,　,ys-jpt-prd-hap-a01-rocky,Running,172.27.0.73,10.48.219.68,ys-jpt-prd-hap-a01,ys-jpt-prd-hap-a01,rocky-8.10-64bit,4,4,-,-,HAProxy version 2.6.1,-,-,172.27.0.101,HDD,50 GB,HDD,70 GB,-,-,HA,A-S,4.18.0-553.el8_10.x86_64,pacemaker-2.1.7-5.2,-,Python 3.6.8,Disabled,firewalld,O,O,O,X
189,LUPPITER(ZABBIX),공공(EPC),운영(PRD),사용,용산,MGMT-G-YS-YS1,-,-,-,LB,　,ys-jpt-prd-hap-a02-rocky,Running,172.27.0.18,10.48.219.69,ys-jpt-prd-hap-a02,ys-jpt-prd-hap-a02,rocky-8.10-64bit,4,4,-,-,HAProxy version 2.6.1,-,-,-,HDD,50 GB,HDD,70 GB,-,-,HA,A-S,4.18.0-553.el8_10.x86_64,pacemaker-2.1.7-5.2,-,Python 3.6.8,Disabled,firewalld,O,O,O,X
190,LUPPITER(ZABBIX),공공(EPC),테스트,미사용,용산,MGMT-G-YS-YS2,-,-,-,AP,　,test-lvm-os2,Stop,172.27.0.35,-,-,-,rocky-8.10-64bit,4,4,-,-,-,-,-,-,-,-,-,-,-,-,-,-,-,-,-,-,-,-,X,-,-,-
191,LUPPITER(ZABBIX),공공(EPC),운영(PRD),사용,용산,MGMT-G-YS-YS2,-,-,-,AP,　,ys-jpt-prd-url-p01,Running,10.48.224.137,-,ys-jpt-prd-url-p01,ys-jpt-prd-url-p01,rocky-8.10-64bit,8,8,sqlite-3.26.0-19,-,zabbix_proxy 7.0.3,-,-,10.48.224.140,HDD,50 GB,HDD,100 GB,-,-,HA,A-S,4.18.0-553.el8_10.x86_64,pacemaker-2.1.7-5.2,-,Python 3.6.8,Disabled,사용안함,O,O,O,X
192,LUPPITER(ZABBIX),공공(EPC),운영(PRD),사용,용산,MGMT-G-YS-YS2,-,-,-,AP,　,ys-jpt-prd-url-p02,Running,10.48.224.147,-,ys-jpt-prd-url-p02,ys-jpt-prd-url-p02,rocky-8.10-64bit,8,8,sqlite-3.26.0-19,-,zabbix_proxy 7.0.3,-,-,-,HDD,50 GB,HDD,100 GB,-,-,HA,A-S,4.18.0-553.el8_10.x86_64,pacemaker-2.1.7-5.2,-,Python 3.6.8,Disabled,사용안함,O,O,O,X
193,LUPPITER(ZABBIX),공공(EPC),테스트,미사용,용산,MGMT-G-YS-YS2,-,-,-,AP,　,ys-jpt-prd-url-test,Stop,10.48.224.132,-,-,-,rocky-8.10-64bit,4,8,-,-,-,-,-,-,-,-,-,-,-,-,-,-,-,-,-,-,-,-,X,-,-,-
194,COA,KT사내(IPC),개발(DEV),사용,목동,PLAN-B,IPC-MGMT-8A1906,cnode01,10.0.1.136,AP/DB,　,dev-coa,Running,10.0.1.144,-,dev-coa,dev-coa,centos-6.3-64bit,8,16,Mysql 14.14,Apache/2.2.15,-,-,10.217.17.109,-,-,107.4 GB,-,"107.4 GB
214.7 GB
214.7 GB",-,-,　,　,2.6.32-279.el6.x86_64,-,-,Python 2.7.9,Disabled,사용안함,O,　,O,　
195,COA,KT사내(IPC),운영(PRD),사용,목동,PLAN-B,IPC-MGMT-8A1906,cnode05,10.0.1.140,AP/DB,　,hub,Running,10.0.1.253,-,hub,hub,centos-6.2-64bit,8,16,Mysql 14.14,Apache/2.2.15,-,-,10.217.17.252,-,-,107.4 GB,-,"53.7 GB
53.7 GB
107.4 GB
214.7 GB
214.7 GB",-,-,　,　,2.6.32-431.11.2.el6.x86_64,-,-,Python 2.7.9,Disabled,사용안함,O,　,O,　
196,HERA,KT사내(IPC),개발(DEV),사용,목동,PLAN-B,IPC-MGMT-8A1906,cnode07,10.0.1.142,AP,　,m1-hera-apigw-a03,Running,10.0.1.36,-,m1-hera-apigw-a03,m1-hera-apigw-a03,rocky-8.10-64bit,4,8,-,-,"JAR_FILE: apigw-0.0.1-SNAPSHOT.war
Spring Boot Version: 3.3.5
JAR_FILE: hera_dbgw-0.0.1-SNAPSHOT.war
Spring Boot Version: 3.3.5",-,-,-,SSD,32 GB,SSD,"20 GB
50 GB",-,-,　,　,4.18.0-553.el8_10.x86_64,-,"openjdk version ""17.0.11""",Python 3.11.7,Disabled,firewalld,O,O,O,X
197,HERA,KT사내(IPC),개발(DEV),사용,목동,PLAN-B,IPC-MGMT-8A1906,cnode01,10.0.1.136,AP,　,m1-hera-apigw-b03,Running,10.0.1.37,-,m1-hera-apigw-b03,m1-hera-apigw-b03,rocky-8.10-64bit,16,32,-,-,"JAR_FILE: batch_runner-0.0.1-SNAPSHOT.jar
Spring Boot Version: 3.3.5",-,-,-,SSD,32 GB,SSD,"20 GB
50 GB
20 GB",-,-,　,　,4.18.0-553.el8_10.x86_64,-,"openjdk version ""17.0.11""",Python 3.11.7,Disabled,firewalld,O,O,O,X
198,HERA,KT사내(IPC),개발(DEV),사용,목동,PLAN-B,IPC-MGMT-8A1906,cnode07,10.0.1.142,DB,　,m1-hera-apigw-d03,Running,10.0.1.38,-,m1-hera-apigw-d03,m1-hera-apigw-d03,rocky-8.10-64bit,8,16,Mariadb 11.4.4,-,-,-,-,-,SSD,32 GB,SSD,"20 GB
150 GB",-,-,　,　,4.18.0-553.el8_10.x86_64,-,-,-,Disabled,firewalld,O,O,O,X
199,HERA,KT사내(IPC),스테이징(STG),미사용,목동,PLAN-B,IPC-MGMT-8A1906,cnode02,10.0.1.137,AP,　,m1-hera-apigw-stg-a03,Running,10.0.1.112,-,m1-hera-apigw-stg-a03,m1-hera-apigw-stg-a03,rocky-8.10-64bit,8,16,-,-,-,3.1.16.147,-,10.0.1.118,SSD,32 GB,SSD,100 GB,ISCSI,400 GB,　,　,4.18.0-553.el8_10.x86_64,-,"openjdk version ""17.0.11""",Python 3.11.7,Disabled,사용안함,O,O,O,X
200,HERA,KT사내(IPC),스테이징(STG),미사용,목동,PLAN-B,IPC-MGMT-8A1906,cnode03,10.0.1.138,AP,　,m1-hera-apigw-stg-a04,Running,10.0.1.113,-,m1-hera-apigw-stg-a04,m1-hera-apigw-stg-a04,rocky-8.10-64bit,8,16,-,-,-,3.1.16.148,-,-,SSD,32 GB,SSD,100 GB,ISCSI,400 GB,　,　,4.18.0-553.el8_10.x86_64,-,"openjdk version ""17.0.11""",Python 3.11.7,Disabled,firewalld,O,O,O,X
201,HERA,KT사내(IPC),스테이징(STG),미사용,목동,PLAN-B,IPC-MGMT-8A1906,cnode02,10.0.1.137,AP,　,m1-hera-apigw-stg-b03,Running,10.0.1.114,-,m1-hera-apigw-stg-b03,m1-hera-apigw-stg-b03,rocky-8.10-64bit,16,32,-,-,-,3.1.16.149,-,10.0.1.119,SSD,32 GB,SSD,"100 GB
20 GB",ISCSI,400 GB,　,　,4.18.0-553.el8_10.x86_64,-,"openjdk version ""17.0.11""",Python 3.11.7,Disabled,firewalld,O,O,O,X
202,HERA,KT사내(IPC),스테이징(STG),미사용,목동,PLAN-B,IPC-MGMT-8A1906,cnode06,10.0.1.141,AP,　,m1-hera-apigw-stg-b04,Running,10.0.1.115,-,m1-hera-apigw-stg-b04,m1-hera-apigw-stg-b04,rocky-8.10-64bit,16,32,-,-,-,3.1.16.150,-,-,SSD,32 GB,SSD,"100 GB
20 GB",ISCSI,400 GB,　,　,4.18.0-553.el8_10.x86_64,-,"openjdk version ""17.0.11""",Python 3.11.7,Disabled,firewalld,O,O,O,X
203,HERA,KT사내(IPC),스테이징(STG),미사용,목동,PLAN-B,IPC-MGMT-8A1906,cnode02,10.0.1.137,DB,　,m1-hera-apigw-stg-d03,Running,10.0.1.116,-,m1-hera-apigw-stg-d03,m1-hera-apigw-stg-d03,rocky-8.10-64bit,16,32,Mariadb 11.4.4,-,-,3.1.16.145,-,10.0.1.120,SSD,32 GB,SSD,20 GB,ISCSI,"200 GB
300 GB",HA,A-S,4.18.0-553.el8_10.x86_64,pacemaker-2.1.7-5.2,-,Python 3.6.8,Disabled,firewalld,O,O,O,X
204,HERA,KT사내(IPC),스테이징(STG),미사용,목동,PLAN-B,IPC-MGMT-8A1906,cnode05,10.0.1.140,DB,　,m1-hera-apigw-stg-d04,Running,10.0.1.117,-,m1-hera-apigw-stg-d04,m1-hera-apigw-stg-d04,rocky-8.10-64bit,16,32,Mariadb 11.4.4,-,-,3.1.16.146,-,-,SSD,32 GB,SSD,20 GB,ISCSI,"200 GB
300 GB",HA,A-S,4.18.0-553.el8_10.x86_64,pacemaker-2.1.7-5.2,-,Python 3.6.8,Disabled,firewalld,O,O,O,X
205,LUPPITER(ZABBIX),KT사내(IPC),개발(DEV),사용,목동,PLAN-B,IPC-MGMT-8A1906,cnode05,10.0.1.140,WEB,　,p-mon-mk1-w03,Running,10.0.1.49,-,p-mon-mk1-w03,p-mon-mk1-w03,centos-7.9-64bit,2,4,-,Apache/2.4.34,-,-,10.217.17.21,-,HDD,107.4 GB,HDD,107.4 GB,-,-,　,　,3.10.0-1160.el7.x86_64,-,-,Python 2.7.5,Disabled,사용안함,O,X,X,X
206,GAIA,KT사내(IPC),운영(PRD),미사용,천안,PLAN-B,CA-CloudMGMT-5S0602,cnode03,10.0.8.65,AP,　,ca-cla-prd-a01(ca-hera-apigw-dev-a01),Running,10.0.8.44,-,ca-cla-prd-a01,ca-cla-prd-a01,centos-7.9-64bit,8,16,-,-,-,-,-,-,-,-,-,-,-,-,　,　,3.10.0-1160.45.1.el7.x86_64,-,-,Python 2.7.5,-,-,O,　,　,　
207,GAIA,KT사내(IPC),운영(PRD),미사용,천안,PLAN-B,CA-CloudMGMT-5S0602,cnode07,10.0.8.105,DB,　,ca-cla-prd-d01(ca-hera-apigw-dev-d01),Running,10.0.8.45,-,ca-cla-prd-d01,ca-cla-prd-d01,centos-7.9-64bit,16,32,-,-,-,-,-,-,-,-,-,-,-,-,　,　,3.10.0-1160.45.1.el7.x86_64,-,-,Python 2.7.5,-,-,O,　,　,　
208,GAIA,KT사내(IPC),운영(PRD),사용,천안,PLAN-B,CA-CloudMGMT-5S0602,cnode07,10.0.8.105,AP,　,ca-clb-prd-a01(ca-gaia-prd-ansible-p01),Running,10.0.8.42,-,ca-clb-prd-a01,ca-gaia-prd-ansible-p01,rocky-8.10-64bit,12,20,-,-,-,-,-,-,-,-,-,-,-,-,　,　,4.18.0-553.el8_10.x86_64,-,-,Python 3.12.1,-,-,O,　,　,　
209,GAIA,KT사내(IPC),운영(PRD),사용,천안,PLAN-B,CA-CloudMGMT-5S0602,cnode05,10.0.8.85,DB,　,ca-clb-prd-d01(ca-gaia-prd-ansible-p02),Running,10.0.8.43,-,ca-clb-prd-d01,ca-gaia-prd-ansible-p02,rocky-8.10-64bit,16,32,-,-,-,-,-,-,-,-,-,-,-,-,　,　,4.18.0-553.el8_10.x86_64,-,-,Python 3.12.1,-,-,O,　,　,　
210,HERA,KT사내(IPC),운영(PRD),사용,천안,PLAN-B,CA-CloudMGMT-5S0602,cnode05,10.0.8.85,AP,　,ca-hera-apigw-prd-a03,Running,10.0.8.51,-,ca-hera-apigw-prd-a03,ca-hera-apigw-prd-a03,rocky-8.10-64bit,16,16,-,-,"JAR_FILE: apigw-0.0.1-SNAPSHOT.war
Spring Boot Version: 3.3.5
JAR_FILE: hera_dbgw-0.0.1-SNAPSHOT.war
Spring Boot Version: 3.3.5",10.220.255.167,-,10.0.8.57,SSD,32 GB,SSD,300 GB,ISCSI,400 GB,HA,A-S,4.18.0-553.el8_10.x86_64,pacemaker-2.1.7-5.2,"openjdk version ""17.0.11""",Python 3.6.8,Disabled,firewalld,O,O,O,X
211,HERA,KT사내(IPC),운영(PRD),사용,천안,PLAN-B,CA-CloudMGMT-5S0602,cnode03,10.0.8.65,AP,　,ca-hera-apigw-prd-a04,Running,10.0.8.52,-,ca-hera-apigw-prd-a04,ca-hera-apigw-prd-a04,rocky-8.10-64bit,16,16,-,-,-,10.220.255.168,-,-,SSD,32 GB,SSD,300 GB,ISCSI,400 GB,HA,A-S,4.18.0-553.el8_10.x86_64,pacemaker-2.1.7-5.2,"openjdk version ""17.0.11""",Python 3.6.8,Disabled,firewalld,O,O,O,X
212,HERA,KT사내(IPC),운영(PRD),사용,천안,PLAN-B,CA-CloudMGMT-5S0602,cnode06,10.0.8.100,AP,　,ca-hera-apigw-prd-b03,Running,10.0.8.53,-,ca-hera-apigw-prd-b03,ca-hera-apigw-prd-b03,rocky-8.10-64bit,32,32,-,-,-,10.220.255.169,-,10.0.8.58,SSD,32 GB,SSD,"300 GB
20 GB",ISCSI,400 GB,HA,A-S,4.18.0-553.el8_10.x86_64,pacemaker-2.1.7-5.2,"openjdk version ""17.0.11""",Python 3.6.8,Disabled,firewalld,O,O,O,X
213,HERA,KT사내(IPC),운영(PRD),사용,천안,PLAN-B,CA-CloudMGMT-5S0602,cnode07,10.0.8.105,AP,　,ca-hera-apigw-prd-b04,Running,10.0.8.54,-,ca-hera-apigw-prd-b04,ca-hera-apigw-prd-b04,rocky-8.10-64bit,32,32,-,-,-,10.220.255.170,-,-,SSD,32 GB,SSD,"300 GB
20 GB",ISCSI,400 GB,HA,A-S,4.18.0-553.el8_10.x86_64,pacemaker-2.1.7-5.2,"openjdk version ""17.0.11""",Python 3.6.8,Disabled,firewalld,O,O,O,X
214,HERA,KT사내(IPC),운영(PRD),사용,천안,PLAN-B,CA-CloudMGMT-5S0602,cnode05,10.0.8.85,DB,　,ca-hera-apigw-prd-d03,Running,10.0.8.55,-,ca-hera-apigw-prd-d03,ca-hera-apigw-prd-d03,rocky-8.10-64bit,16,32,Mariadb 11.4.4,-,-,10.220.255.165,-,10.0.8.59,SSD,32 GB,SSD,20 GB,ISCSI,"300 GB
440 GB",HA,A-S,4.18.0-553.el8_10.x86_64,pacemaker-2.1.7-5.2,-,Python 3.6.8,Disabled,firewalld,O,O,O,X
215,HERA,KT사내(IPC),운영(PRD),사용,천안,PLAN-B,CA-CloudMGMT-5S0602,cnode03,10.0.8.65,DB,　,ca-hera-apigw-prd-d04,Running,10.0.8.56,-,ca-hera-apigw-prd-d04,ca-hera-apigw-prd-d04,rocky-8.10-64bit,16,32,Mariadb 11.4.4,-,-,10.220.255.166,-,-,SSD,32 GB,SSD,20 GB,ISCSI,"300 GB
440 GB",HA,A-S,4.18.0-553.el8_10.x86_64,pacemaker-2.1.7-5.2,-,Python 3.6.8,Disabled,firewalld,O,O,O,X
216,LUPPITER(ZABBIX),KT사내(IPC),운영(PRD),사용,천안,PLAN-B,CA-CloudMGMT-5S0602,cnode03,10.0.8.65,LB,　,ca-jpt-prd-hap-a01,Running,10.0.8.199,-,ca-jpt-prd-hap-a01,ca-jpt-prd-hap-a01,centos-7.9-64bit,8,8,-,-,HAProxy version 2.6.1,10.220.255.127,-,"10.0.8.219
10.0.8.142",SSD,21.5 GB,SSD,21.5 GB(미사용),ISCSI,1073.9 GB,HA,A-S,3.10.0-1160.45.1.el7.x86_64,pacemaker-1.1.23-1,-,Python 2.7.5,Disabled,사용안함,O,O,O,X
217,LUPPITER(ZABBIX),KT사내(IPC),운영(PRD),사용,천안,PLAN-B,CA-CloudMGMT-5S0602,cnode07,10.0.8.105,LB,　,ca-jpt-prd-hap-a02,Running,10.0.8.206,-,ca-jpt-prd-hap-a02,ca-jpt-prd-hap-a02,centos-7.9-64bit,8,8,-,-,HAProxy version 2.6.1,10.220.255.129,-,-,SSD,21.5 GB,SSD,21.5 GB(미사용),ISCSI,1073.9 GB,HA,A-S,3.10.0-1160.45.1.el7.x86_64,pacemaker-1.1.23-1,-,Python 2.7.5,Disabled,사용안함,O,O,O,X
218,LUPPITER(ZABBIX),KT사내(IPC),운영(PRD),사용,천안,PLAN-B,CA-CloudMGMT-5S0602,cnode04,10.0.8.69,AP,　,ca-jpt-prd-zab-a01,Running,10.0.8.223,-,ca-jpt-prd-zab-a01,ca-jpt-prd-zab-a01,centos-7.9-64bit,4,8,-,-,zabbix_server 5.0.25,10.220.255.135,-,10.0.8.143,SSD,21.5 GB,-,-,ISCSI,53.7 GB,HA,A-S,3.10.0-1160.45.1.el7.x86_64,pacemaker-1.1.23-1,-,Python 3.6.8,Disabled,사용안함,O,O,O,X
219,LUPPITER(ZABBIX),KT사내(IPC),운영(PRD),사용,천안,PLAN-B,CA-CloudMGMT-5S0602,cnode06,10.0.8.100,AP,　,ca-jpt-prd-zab-a02,Running,10.0.8.224,-,ca-jpt-prd-zab-a02,ca-jpt-prd-zab-a02,centos-7.9-64bit,4,8,-,-,-,10.220.255.137,-,-,SSD,21.5 GB,-,-,ISCSI,53.7 GB,HA,A-S,3.10.0-1160.45.1.el7.x86_64,pacemaker-1.1.23-1,-,Python 3.6.8,Disabled,사용안함,O,O,O,X
220,LUPPITER(ZABBIX),KT사내(IPC),운영(PRD),사용,천안,PLAN-B,CA-CloudMGMT-5S0602,cnode04,10.0.8.69,DB,　,ca-jpt-prd-zab-d01,Running,10.0.8.191,-,ca-jpt-prd-zab-d01,ca-jpt-prd-zab-d01,centos-7.9-64bit,8,16,PostgreSQL 13.5,-,-,10.220.255.111,-,10.0.8.215,SSD,21.5 GB,SSD,21.5 GB,ISCSI,182.6 GB,HA,A-S,3.10.0-1160.45.1.el7.x86_64,pacemaker-1.1.23-1,-,Python 2.7.5,Disabled,사용안함,O,O,O,X
221,LUPPITER(ZABBIX),KT사내(IPC),운영(PRD),사용,천안,PLAN-B,CA-CloudMGMT-5S0602,cnode06,10.0.8.100,DB,　,ca-jpt-prd-zab-d02,Running,10.0.8.192,-,ca-jpt-prd-zab-d02,ca-jpt-prd-zab-d02,centos-7.9-64bit,8,16,PostgreSQL 13.5,-,-,10.220.255.113,-,-,SSD,21.5 GB,SSD,21.5 GB,ISCSI,182.6 GB,HA,A-S,3.10.0-1160.45.1.el7.x86_64,pacemaker-1.1.23-1,-,Python 2.7.5,Disabled,사용안함,O,O,O,X
222,LUPPITER(ZABBIX),KT사내(IPC),운영(PRD),사용,천안,PLAN-B,CA-CloudMGMT-5S0602,cnode03,10.0.8.65,DB,　,ca-jpt-prd-zab-d03,Running,10.0.8.197,-,ca-jpt-prd-zab-d03,ca-jpt-prd-zab-d03,centos-7.9-64bit,8,16,PostgreSQL 13.5,-,-,10.220.255.123,-,10.0.8.218,SSD,21.5 GB,SSD,21.5 GB,ISCSI,182.6 GB,HA,A-S,3.10.0-1160.45.1.el7.x86_64,pacemaker-1.1.23-1,-,Python 2.7.5,Disabled,사용안함,O,O,O,X
223,LUPPITER(ZABBIX),KT사내(IPC),운영(PRD),사용,천안,PLAN-B,CA-CloudMGMT-5S0602,cnode06,10.0.8.100,DB,　,ca-jpt-prd-zab-d04,Running,10.0.8.198,-,ca-jpt-prd-zab-d04,ca-jpt-prd-zab-d04,centos-7.9-64bit,8,16,PostgreSQL 13.5,-,-,10.220.255.125,-,-,SSD,21.5 GB,SSD,21.5 GB,ISCSI,182.6 GB,HA,A-S,3.10.0-1160.45.1.el7.x86_64,pacemaker-1.1.23-1,-,Python 2.7.5,Disabled,사용안함,O,O,O,X
224,LUPPITER(ZABBIX),KT사내(IPC),운영(PRD),사용,천안,PLAN-B,CA-CloudMGMT-5S0602,cnode04,10.0.8.69,DB,　,ca-jpt-prd-zab-d05,Running,10.0.8.225,-,ca-jpt-prd-zab-d05,ca-jpt-prd-zab-d05,centos-7.9-64bit,4,8,PostgreSQL 13.5,-,-,10.220.255.139,-,-,SSD,21.5 GB,SSD,21.5 GB,ISCSI,1256.3 GB,HA,A-S,3.10.0-1160.45.1.el7.x86_64,MCCS 4.4.11.2,-,Python 2.7.5,Disabled,사용안함,O,O,O,X
225,LUPPITER(ZABBIX),KT사내(IPC),운영(PRD),사용,천안,PLAN-B,CA-CloudMGMT-5S0602,cnode06,10.0.8.100,DB,　,ca-jpt-prd-zab-d06,Running,10.0.8.226,-,ca-jpt-prd-zab-d06,ca-jpt-prd-zab-d06,centos-7.9-64bit,4,8,PostgreSQL 13.5,-,-,10.220.255.141,-,10.0.8.144,SSD,21.5 GB,SSD,21.5 GB,ISCSI,1256.3 GB,HA,A-S,3.10.0-1160.45.1.el7.x86_64,MCCS 4.4.11.2,-,Python 2.7.5,Disabled,사용안함,O,O,O,X
226,LUPPITER(ZABBIX),KT사내(IPC),운영(PRD),사용,천안,PLAN-B,CA-CloudMGMT-5S0602,cnode04,10.0.8.69,AP,　,ca-jpt-prd-zab-log01,Running,10.0.8.119,-,ca-jpt-prd-zab-log01,ca-jpt-prd-zab-log01,rocky-8.10-64bit,8,8,-,-,syslog-ng 4.8.0,10.220.255.163,-,10.0.8.78,SSD,32 GB,-,-,ISCSI,500.1 GB,HA,A-S,4.18.0-553.el8_10.x86_64 ,pacemaker-2.1.7-5.2,-,Python 3.6.8,Disabled,사용안함,O,O,O,X
227,LUPPITER(ZABBIX),KT사내(IPC),운영(PRD),사용,천안,PLAN-B,CA-CloudMGMT-5S0602,cnode07,10.0.8.105,AP,　,ca-jpt-prd-zab-log02,Running,10.0.8.120,-,ca-jpt-prd-zab-log02,ca-jpt-prd-zab-log02,rocky-8.10-64bit,8,8,-,-,-,10.220.255.164,-,-,SSD,32 GB,-,-,ISCSI,500.1 GB,HA,A-S,4.18.0-553.el8_10.x86_64,pacemaker-2.1.7-5.2,-,Python 3.6.8,Disabled,사용안함,O,O,O,X
228,LUPPITER(ZABBIX),KT사내(IPC),운영(PRD),사용,천안,PLAN-B,CA-CloudMGMT-5S0602,cnode04,10.0.8.69,AP,　,ca-jpt-prd-zab-p01,Running,10.0.8.186,-,ca-jpt-prd-zab-p01,ca-jpt-prd-zab-p01,centos-7.9-64bit,8,8,-,-,zabbix_proxy 5.0.25,10.220.255.103,-,10.0.8.213,SSD,21.5 GB,-,-,ISCSI,53.7 GB,HA,A-S,3.10.0-1160.45.1.el7.x86_64,pacemaker-1.1.23-1,-,Python 3.6.8,Disabled,사용안함,O,O,O,X
229,LUPPITER(ZABBIX),KT사내(IPC),운영(PRD),사용,천안,PLAN-B,CA-CloudMGMT-5S0602,cnode06,10.0.8.100,AP,　,ca-jpt-prd-zab-p02,Running,10.0.8.187,-,ca-jpt-prd-zab-p02,ca-jpt-prd-zab-p02,centos-7.9-64bit,8,8,-,-,-,10.220.255.105,-,-,SSD,21.5 GB,-,-,ISCSI,53.7 GB,HA,A-S,3.10.0-1160.45.1.el7.x86_64,pacemaker-1.1.23-1,-,Python 3.6.8,Disabled,사용안함,O,O,O,X
230,LUPPITER(ZABBIX),KT사내(IPC),운영(PRD),사용,천안,PLAN-B,CA-CloudMGMT-5S0602,cnode04,10.0.8.69,AP,　,ca-jpt-prd-zab-p03,Running,10.0.8.188,-,ca-jpt-prd-zab-p03,ca-jpt-prd-zab-p03,centos-7.9-64bit,8,8,-,-,zabbix_proxy 5.0.25,10.220.255.107,-,10.0.8.214,SSD,21.5 GB,-,-,ISCSI,53.7 GB,HA,A-S,3.10.0-1160.45.1.el7.x86_64,pacemaker-1.1.23-1,-,Python 3.6.8,Disabled,사용안함,O,O,O,X
231,LUPPITER(ZABBIX),KT사내(IPC),운영(PRD),사용,천안,PLAN-B,CA-CloudMGMT-5S0602,cnode06,10.0.8.100,AP,　,ca-jpt-prd-zab-p04,Running,10.0.8.189,-,ca-jpt-prd-zab-p04,ca-jpt-prd-zab-p04,centos-7.9-64bit,8,8,-,-,-,10.220.255.109,-,-,SSD,21.5 GB,-,-,ISCSI,53.7 GB,HA,A-S,3.10.0-1160.45.1.el7.x86_64,pacemaker-1.1.23-1,-,Python 3.6.8,Disabled,사용안함,O,O,O,X
232,LUPPITER(ZABBIX),KT사내(IPC),운영(PRD),사용,천안,PLAN-B,CA-CloudMGMT-5S0602,cnode04,10.0.8.69,AP,　,ca-jpt-prd-zab-p05,Running,10.0.8.193,-,ca-jpt-prd-zab-p05,ca-jpt-prd-zab-p05,centos-7.9-64bit,8,8,-,-,zabbix_proxy 5.0.25,10.220.255.115,-,10.0.8.216,SSD,21.5 GB,-,-,ISCSI,53.7 GB,HA,A-S,3.10.0-1160.45.1.el7.x86_64,pacemaker-1.1.23-1,-,Python 3.6.8,Disabled,사용안함,O,O,O,X
233,LUPPITER(ZABBIX),KT사내(IPC),운영(PRD),사용,천안,PLAN-B,CA-CloudMGMT-5S0602,cnode06,10.0.8.100,AP,　,ca-jpt-prd-zab-p06,Running,10.0.8.194,-,ca-jpt-prd-zab-p06,ca-jpt-prd-zab-p06,centos-7.9-64bit,8,8,-,-,-,10.220.255.117,-,-,SSD,21.5 GB,-,-,ISCSI,53.7 GB,HA,A-S,3.10.0-1160.45.1.el7.x86_64,pacemaker-1.1.23-1,-,Python 3.6.8,Disabled,사용안함,O,O,O,X
234,LUPPITER(ZABBIX),KT사내(IPC),운영(PRD),사용,천안,PLAN-B,CA-CloudMGMT-5S0602,cnode04,10.0.8.69,AP,　,ca-jpt-prd-zab-p07,Running,10.0.8.195,-,ca-jpt-prd-zab-p07,ca-jpt-prd-zab-p07,centos-7.9-64bit,16,16,-,-,zabbix_proxy 5.0.25,10.220.255.119,-,10.0.8.217,SSD,21.5 GB,-,-,ISCSI,53.7 GB,HA,A-S,3.10.0-1160.45.1.el7.x86_64,pacemaker-1.1.23-1,-,Python 3.6.8,Disabled,사용안함,O,O,O,X
235,LUPPITER(ZABBIX),KT사내(IPC),운영(PRD),사용,천안,PLAN-B,CA-CloudMGMT-5S0602,cnode06,10.0.8.100,AP,　,ca-jpt-prd-zab-p08,Running,10.0.8.196,-,ca-jpt-prd-zab-p08,ca-jpt-prd-zab-p08,centos-7.9-64bit,8,8,-,-,-,10.220.255.121,-,-,SSD,21.5 GB,-,-,ISCSI,53.7 GB,HA,A-S,3.10.0-1160.45.1.el7.x86_64,pacemaker-1.1.23-1,-,Python 3.6.8,Disabled,사용안함,O,O,O,X
236,LUPPITER(ZABBIX),KT사내(IPC),운영(PRD),사용,천안,PLAN-B,CA-CloudMGMT-5S0602,cnode04,10.0.8.69,AP,　,ca-jpt-prd-zab-p09,Running,10.0.8.115,-,ca-jpt-prd-zab-p09,ca-jpt-prd-zab-p09,rocky-8.10-64bit,16,16,-,-,zabbix_proxy 7.0.3,10.220.255.159,-,10.0.8.76,SSD,32 GB,-,-,ISCSI,50 GB,HA,A-S,4.18.0-553.el8_10.x86_64,pacemaker-2.1.7-5.2,-,Python 3.6.8,Disabled,사용안함,O,O,O,X
237,LUPPITER(ZABBIX),KT사내(IPC),운영(PRD),사용,천안,PLAN-B,CA-CloudMGMT-5S0602,cnode07,10.0.8.105,AP,　,ca-jpt-prd-zab-p10,Running,10.0.8.116,-,ca-jpt-prd-zab-p10,ca-jpt-prd-zab-p10,rocky-8.10-64bit,16,16,-,-,-,10.220.255.160,-,-,SSD,32 GB,-,-,ISCSI,50 GB,HA,A-S,4.18.0-553.el8_10.x86_64,pacemaker-2.1.7-5.2,-,Python 3.6.8,Disabled,사용안함,O,O,O,X
238,LUPPITER(ZABBIX),KT사내(IPC),운영(PRD),사용,천안,PLAN-B,CA-CloudMGMT-5S0602,cnode05,10.0.8.85,DB,　,ca-jpt-prd-zab-pd07,Running,10.0.8.117,-,ca-jpt-prd-zab-pd07,ca-jpt-prd-zab-pd07,rocky-8.10-64bit,8,16,PostgreSQL 15.8,-,-,10.220.255.161,-,10.0.8.77,SSD,32 GB,SSD,20 GB,ISCSI,"170 GB
150 GB",HA,A-S,4.18.0-553.el8_10.x86_64,pacemaker-2.1.7-5.2,-,Python 3.6.8,Disabled,사용안함,O,O,O,X
239,LUPPITER(ZABBIX),KT사내(IPC),운영(PRD),사용,천안,PLAN-B,CA-CloudMGMT-5S0602,cnode04,10.0.8.69,DB,　,ca-jpt-prd-zab-pd08,Running,10.0.8.118,-,ca-jpt-prd-zab-pd08,ca-jpt-prd-zab-pd08,rocky-8.10-64bit,8,16,PostgreSQL 15.8,-,-,10.220.255.162,-,-,SSD,32 GB,SSD,20 GB,ISCSI,"170 GB
150 GB",HA,A-S,4.18.0-553.el8_10.x86_64,pacemaker-2.1.7-5.2,-,Python 3.6.8,Disabled,사용안함,O,O,O,X
240,LUPPITER(ZABBIX),KT사내(IPC),운영(PRD),사용,천안,PLAN-B,CA-CloudMGMT-5S0602,cnode04,10.0.8.69,WEB,　,ca-jpt-prd-zab-w01,Running,10.0.8.221,-,ca-jpt-prd-zab-w01,ca-jpt-prd-zab-w01,centos-7.9-64bit,4,8,-,Apache/2.4.63,-,-,-,-,SSD,21.5 GB,SSD,75.2 GB,-,-,LB,A-A,3.10.0-1160.45.1.el7.x86_64,-,-,Python 2.7.5,Disabled,사용안함,O,O,O,O
241,LUPPITER(ZABBIX),KT사내(IPC),운영(PRD),사용,천안,PLAN-B,CA-CloudMGMT-5S0602,cnode06,10.0.8.100,WEB,　,ca-jpt-prd-zab-w02,Running,10.0.8.222,-,ca-jpt-prd-zab-w02,ca-jpt-prd-zab-w02,centos-7.9-64bit,4,8,-,Apache/2.4.63,-,-,-,-,SSD,21.5 GB,SSD,75.2 GB,-,-,LB,A-A,3.10.0-1160.45.1.el7.x86_64,-,-,Python 2.7.5,Disabled,사용안함,O,O,O,O
242,LUPPITER(ZABBIX),KT사내(IPC),스테이징(STG),사용,천안,PLAN-B,CA-CloudMGMT-5S0602,cnode05,10.0.8.85,AP,　,ca-jpt-stg-zab-a01,Running,10.0.8.208,-,ca-jpt-stg-zab-a01,ca-jpt-stg-zab-a01,rocky-8.10-64bit,8,8,-,-,zabbix_server 7.0.3,-,-,-,SSD,32 GB,SSD,50 GB,-,-,　,　,4.18.0-553.el8_10.x86_64,-,-,Python 3.12.1,Disabled,사용안함,O,X,X,X
243,LUPPITER(ZABBIX),KT사내(IPC),스테이징(STG),사용,천안,PLAN-B,CA-CloudMGMT-5S0602,cnode07,10.0.8.105,DB,　,ca-jpt-stg-zab-d01,Running,10.0.8.47,-,ca-jpt-stg-zab-d01,ca-jpt-stg-zab-d01,rocky-8.10-64bit,16,32,PostgreSQL 15.8,-,-,-,-,-,SSD,32 GB,SSD,"10 GB
200 GB",-,-,　,　,4.18.0-553.el8_10.x86_64,-,-,Python 3.12.1,Disabled,사용안함,O,X,X,X
244,LUPPITER(ZABBIX),KT사내(IPC),스테이징(STG),사용,천안,PLAN-B,CA-CloudMGMT-5S0602,cnode02,10.0.8.33,AP,　,ca-jpt-stg-zab-p01,Running,10.0.8.46,-,ca-jpt-stg-zab-p01,ca-jpt-stg-zab-p01,rocky-8.10-64bit,8,16,-,-,zabbix_proxy 7.0.3,-,-,-,SSD,32 GB,SSD,50 GB,-,-,-,-,4.18.0-553.el8_10.x86_64,-,-,Python 3.6.8,Disabled,사용안함,O,X,X,X
245,LUPPITER(ZABBIX),KT사내(IPC),스테이징(STG),사용,천안,PLAN-B,CA-CloudMGMT-5S0602,cnode01,10.0.8.32,WEB,　,ca-jpt-stg-zab-w01,Running,10.0.8.207,-,ca-jpt-stg-zab-w01,ca-jpt-stg-zab-w01,rocky-8.10-64bit,8,8,-,Apache/2.4.63,-,-,-,-,SSD,32 GB,SSD,50 GB,-,-,　,　,4.18.0-553.el8_10.x86_64,-,-,Python 3.12.1,Disabled,사용안함,O,X,X,X
246,LUPPITER(ZABBIX),KT사내(IPC),스테이징(STG),사용,천안,PLAN-B,CA-KTIS-XEN,cnode12,10.4.224.46,DB,　,p-mon-db-01,Running,10.4.224.95,-,p-mon-db-01,p-mon-db-01,centos-7.9-64bit,16,32,PostgreSQL 13.5,-,-,10.217.192.22,-,10.4.224.97,SSD,34.4 GB,SSD,"107.4 GB
322.1 GB",-,-,　,　,3.10.0-1160.el7.x86_64,-,-,Python 2.7.5,Permissive,사용안함,O,O,O,X
247,LUPPITER(ZABBIX),KT사내(IPC),스테이징(STG),사용,천안,PLAN-B,CA-KTIS-XEN,cnode11,10.4.224.45,DB,　,p-mon-db-02,Running,10.4.224.96,-,p-mon-db-02,p-mon-db-02,centos-7.9-64bit,16,32,-,-,-,-,-,-,SSD,34.4 GB,SSD,"107.4 GB
322.1 GB",-,-,　,　,3.10.0-1160.el7.x86_64,-,-,Python 2.7.5,Disabled,사용안함,O,O,O,X
248,GIT,KT사내(IPC),운영(PRD),사용,천안,PLAN-B,CA-KTIS-XEN,cnode15,10.4.224.76,AP/DB,　,p-mon-git-01,Running,10.4.224.36,-,p-mon-git-01,p-mon-git-01,centos-7.9-64bit,8,16,"(gitlab) redis 7.0.14
(gitlab) PostgreSQL 13.12",(gitlab) nginx/1.24.0,gitlab 16.7.2,-,10.217.192.26,-,SSD,34.4 GB,SSD,"107.4 GB
107.4 GB",-,-,　,　,3.10.0-1160.el7.x86_64,-,-,Python 2.7.5,Disabled,사용안함,O,O,O,X
249,LUPPITER(Prometheus),KT사내(IPC),스테이징(STG),미사용,천안,PLAN-B,10,cnode12,10.4.224.46,AP,　,p-mon-grafana-01,Halt,10.4.224.29,-,p-mon-grafana-01,p-mon-grafana-01,centos-7.9-64bit,4,8,-,-,grafana-8.5.5,-,10.217.192.24,-,SSD,34.4 GB,SSD,107.4 GB,-,-,　,　,3.10.0-1160.el7.x86_64,-,-,Python 2.7.5,Disabled,사용안함,O,O,O,X
250,LUPPITER(Prometheus),KT사내(IPC),스테이징(STG),미사용,천안,PLAN-B,CA-KTIS-XEN,cnode15,10.4.224.76,AP,　,p-mon-prometheus-01,Halt,10.4.224.35,-,p-mon-prometheus-01,p-mon-prometheus-01,centos-7.9-64bit,8,8,-,-,prometheus version 2.39.1,-,-,-,SSD,34.4 GB,SSD,322.1 GB,-,-,　,　,3.10.0-1160.el7.x86_64,-,-,Python 2.7.5,Disabled,사용안함,O,O,X,X
251,LUPPITER,KT사내(IPC),스테이징(STG),사용,천안,PLAN-B,CA-KTIS-XEN,cnode13,10.4.224.47,AP,　,p-mon-was-01,Running,10.4.224.93,-,p-mon-was-01,p-mon-was-01,centos-7.9-64bit,8,16,-,-,"JAR_FILE: luppiter_web-2.0.0.war
Spring Boot Version: 2.7.9",-,10.217.192.20,-,SSD,34.4 GB,SSD,107.4 GB,-,-,　,　,3.10.0-1160.el7.x86_64,-,"openjdk version ""17""",Python 2.7.5,Permissive,사용안함,O,O,O,X
252,LUPPITER,KT사내(IPC),스테이징(STG),사용,천안,PLAN-B,CA-KTIS-XEN,cnode16,10.4.224.77,AP,　,p-mon-was-02,Running,10.4.224.94,-,p-mon-was-02,p-mon-was-02,centos-7.9-64bit,8,16,-,-,"JAR_FILE: luppiter_web-2.0.0.war
Spring Boot Version: 2.7.9",-,10.217.192.21,-,SSD,34.4 GB,SSD,107.4 GB,-,-,　,　,3.10.0-1160.el7.x86_64,-,"openjdk version ""17""",Python 3.6.8,Disabled,사용안함,O,O,O,X
253,LUPPITER(ZABBIX),KT사내(IPC),스테이징(STG),사용,천안,PLAN-B,CA-KTIS-XEN,cnode12,10.4.224.46,WEB,　,p-mon-web-01,Running,10.4.224.91,-,p-mon-web-01,p-mon-web-01,centos-7.9-64bit,4,4,-,Apache/2.4.63,-,-,10.217.192.13,10.217.192.15,SSD,34.4 GB,SSD,107.4 GB,-,-,　,　,3.10.0-1160.el7.x86_64,-,-,Python 2.7.5,Permissive,사용안함,O,O,O,X
254,LUPPITER(ZABBIX),KT사내(IPC),스테이징(STG),사용,천안,PLAN-B,CA-KTIS-XEN,cnode16,10.4.224.77,WEB,　,p-mon-web-02,Running,10.4.224.92,-,p-mon-web-02,p-mon-web-02,centos-7.9-64bit,4,4,-,Apache/2.4.63,-,-,10.217.192.14,-,SSD,34.4 GB,SSD,107.4 GB,-,-,　,　,3.10.0-1160.el7.x86_64,-,-,Python 2.7.5,Disabled,사용안함,O,O,O,X
255,LUPPITER(ZABBIX),KT사내(IPC),스테이징(STG),사용,천안,PLAN-B,CA-KTIS-XEN,cnode12,10.4.224.46,AP,　,p-mon-zabbix-ap-01,Running,10.4.224.33,-,p-mon-zabbix-ap-01,p-mon-zabbix-ap-01,centos-7.9-64bit,4,8,-,-,-,-,-,-,-,-,-,-,-,-,　,　,　,-,-,-,-,-,O,　,　,　
256,LUPPITER(ZABBIX),KT사내(IPC),스테이징(STG),사용,천안,PLAN-B,CA-KTIS-XEN,cnode12,10.4.224.46,DB,　,p-mon-zabbix-db-01,Running,10.4.224.34,-,p-mon-zabbix-db-01,p-mon-zabbix-db-01,centos-7.9-64bit,4,8,PostgreSQL 13.5,-,-,-,-,-,SSD,34.4 GB,SSD,"107.4 GB
536.9 GB",-,-,　,　,3.10.0-1160.el7.x86_64,-,-,Python 2.7.5,Disabled,사용안함,O,O,O,X
257,LUPPITER(ZABBIX),KT사내(IPC),스테이징(STG),사용,천안,PLAN-B,CA-KTIS-XEN,cnode12,10.4.224.46,AP,　,p-mon-zabbix-proxy-01,Running,10.4.224.40,-,p-mon-zabbix-proxy-01,p-mon-zabbix-proxy-01,centos-7.9-64bit,2,4,-,-,zabbix_proxy 5.0.25,-,-,-,SSD,34.4 GB,SSD,107.4 GB,-,-,　,　,3.10.0-1160.el7.x86_64,-,-,Python 3.6.8,Disabled,사용안함,O,O,O,X
258,LUPPITER(ZABBIX),KT사내(IPC),스테이징(STG),사용,천안,PLAN-B,CA-KTIS-XEN,cnode11,10.4.224.45,WEB,　,p-mon-zabbix-web-01,Running,10.4.224.30,-,p-mon-zabbix-web-01,p-mon-zabbix-web-01,centos-7.9-64bit,4,8,-,Apache/2.4.63,-,-,10.217.192.25,-,SSD,34.4 GB,SSD,107.4 GB,-,-,　,　,3.10.0-1160.el7.x86_64,-,-,Python 2.7.5,Disabled,사용안함,O,O,O,X
259,LUPPITER(ZABBIX),KT사내(IPC),운영(PRD),사용,분당,VMW-BD-PRD-KTIS,-,-,-,AP,　,bd-jpt-prd-zab-p01,Running,172.31.187.240,-,bd-jpt-prd-zab-p01,BD-JPT-PRD-ZAB-P01,centos-7.9-64bit,8,8,-,-,zabbix_proxy 5.0.25,-,"172.31.50.153
172.31.206.196",-,-,107.4 GB,-,53.7 GB,-,-,　,　,3.10.0-1160.el7.x86_64,-,-,Python 3.6.8,Disabled,사용안함,O,O,O,X
260,LUPPITER(ZABBIX),KT사내(IPC),운영(PRD),사용,분당,VMW-BD-PRD-KTIS,-,-,-,AP,　,bd-jpt-prd-zab-p03,Running,172.31.187.244,-,bd-jpt-prd-zab-p03,BD-JPT-PRD-ZAB-P03,centos-7.9-64bit,8,8,-,-,zabbix_proxy 5.0.25,-,"172.31.50.154
172.31.206.198",-,-,107.4 GB,-,53.7 GB,-,-,　,　,3.10.0-1160.el7.x86_64,-,-,Python 3.6.8,Disabled,사용안함,O,O,O,X
261,LUPPITER(ZABBIX),KT사내(IPC),운영(PRD),사용,분당,VMW-BD-PRD-KTIS,-,-,-,DB,　,bd-jpt-prd-zab-d01,Running,172.31.187.242,-,bd-jpt-prd-zab-d01,BD-JPT-PRD-ZAB-D01,centos-7.9-64bit,8,8,PostgreSQL 13.5,-,-,-,172.31.206.197,-,-,107.4 GB,-,182.5 GB,-,-,　,　,3.10.0-1160.el7.x86_64,-,-,Python 2.7.5,Disabled,사용안함,O,O,O,X
262,LUPPITER(ZABBIX),KT사내(IPC),운영(PRD),사용,분당,VMW-BD-PRD-KTIS,-,-,-,DB,　,bd-jpt-prd-zab-d03,Running,172.31.187.246,-,bd-jpt-prd-zab-d03,BD-JPT-PRD-ZAB-D03,centos-7.9-64bit,8,8,PostgreSQL 13.5,-,-,-,172.31.206.199,-,-,107.4 GB,-,182.5 GB,-,-,　,　,3.10.0-1160.el7.x86_64,-,-,Python 2.7.5,Disabled,사용안함,O,O,O,X
